Stimulus,CID,Concentration,FLOWER,GRASS,WOOD,DECAYED,AMMONIA/URINOUS,SWEATY,MUSKY,WARM,ACID,BURNT,SOUR,COLD,SPICES,GARLIC,FISH,FRUIT,SWEET,BAKERY,EDIBLE,CHEMICAL
1,16741,0.001,0.10909090909090909,1.1272727272727272,2.4,7.581818181818182,7.8545454545454545,7.490909090909091,9.50909090909091,5.109090909090909,6.109090909090909,15.218181818181819,7.218181818181818,0.6909090909090909,6.836363636363636,4.3090909090909095,5.454545454545454,0.01818181818181818,0.7454545454545455,1.7272727272727273,3.3636363636363638,7.363636363636363
2,16741,1e-05,1.2790697674418605,1.2790697674418605,4.72093023255814,3.186046511627907,2.0930232558139537,1.6046511627906976,6.930232558139535,2.7674418604651163,5.348837209302325,5.116279069767442,6.883720930232558,3.372093023255814,5.488372093023256,4.209302325581396,1.558139534883721,1.1627906976744187,3.5348837209302326,1.2790697674418605,6.093023255813954,11.046511627906977
3,17121,0.001,2.42,5.14,0.9,3.7,3.34,1.72,7.5,2.36,6.12,3.9,7.36,4.5,3.2,2.08,0.66,4.22,7.08,0.16,5.08,6.52
4,17121,1e-05,0.24242424242424243,1.121212121212121,3.1818181818181817,1.8484848484848484,0.21212121212121213,2.303030303030303,9.242424242424242,4.151515151515151,0.09090909090909091,2.6363636363636362,6.9393939393939394,4.878787878787879,4.090909090909091,2.484848484848485,0.7575757575757576,0.8181818181818182,10.06060606060606,0.24242424242424243,1.2727272727272727,7.454545454545454
5,520191,1e-05,8.647058823529411,2.6470588235294117,2.2058823529411766,4.029411764705882,3.0,2.823529411764706,5.9411764705882355,3.6470588235294117,2.2058823529411766,1.7941176470588236,4.117647058823529,3.2058823529411766,0.20588235294117646,1.8235294117647058,3.235294117647059,4.882352941176471,10.441176470588236,0.0,2.7058823529411766,8.647058823529411
6,520191,0.001,4.5636363636363635,3.709090909090909,1.8,8.527272727272727,8.909090909090908,4.8545454545454545,15.054545454545455,2.581818181818182,8.745454545454546,5.0181818181818185,6.890909090909091,2.1272727272727274,4.709090909090909,2.418181818181818,5.781818181818182,1.709090909090909,4.236363636363636,1.7818181818181817,3.690909090909091,15.636363636363637
7,92979,0.001,0.023809523809523808,0.6428571428571429,3.3333333333333335,5.357142857142857,8.833333333333334,6.404761904761905,5.619047619047619,3.0952380952380953,9.380952380952381,4.904761904761905,6.0,6.119047619047619,3.880952380952381,0.2857142857142857,0.30952380952380953,0.14285714285714285,1.8095238095238095,0.023809523809523808,0.047619047619047616,15.595238095238095
8,92979,1e-05,4.7272727272727275,2.3636363636363638,3.0606060606060606,3.1515151515151514,9.636363636363637,4.878787878787879,11.121212121212121,1.606060606060606,4.212121212121212,4.303030303030303,8.424242424242424,3.212121212121212,1.2727272727272727,4.090909090909091,0.15151515151515152,2.787878787878788,9.727272727272727,0.21212121212121213,2.5454545454545454,12.757575757575758
9,62580,0.001,1.7586206896551724,0.13793103448275862,0.1724137931034483,2.2413793103448274,2.7241379310344827,9.827586206896552,7.896551724137931,2.5172413793103448,2.5517241379310347,3.206896551724138,13.379310344827585,4.172413793103448,1.896551724137931,0.10344827586206896,0.1724137931034483,4.413793103448276,12.551724137931034,0.8620689655172413,0.3103448275862069,8.758620689655173
10,62580,1e-05,7.821428571428571,3.5714285714285716,5.785714285714286,3.142857142857143,2.4642857142857144,5.285714285714286,5.0,1.0,7.035714285714286,5.107142857142857,2.0357142857142856,2.4285714285714284,1.1071428571428572,0.0,0.0,0.21428571428571427,7.392857142857143,0.0,1.8214285714285714,6.5
11,24197,1e-05,0.65,0.4,5.2,3.3,1.7,0.65,8.3,1.2,4.15,2.5,8.85,10.15,5.95,3.45,6.2,0.85,6.05,5.7,4.7,8.35
12,24197,0.001,0.28125,2.09375,3.1875,2.0625,5.15625,10.15625,9.96875,8.65625,7.25,3.59375,11.09375,4.21875,5.0,3.3125,3.96875,5.3125,3.96875,0.6875,3.6875,6.46875
13,7476,0.001,11.145833333333334,0.6458333333333334,0.8958333333333334,1.6041666666666667,0.7291666666666666,0.5208333333333334,4.916666666666667,4.8125,3.2708333333333335,2.125,2.8541666666666665,6.104166666666667,3.1041666666666665,2.2083333333333335,0.5833333333333334,5.395833333333333,15.625,1.4166666666666667,7.458333333333333,8.5625
14,7476,0.1,6.472727272727273,2.7818181818181817,3.2,0.4909090909090909,4.109090909090909,0.5818181818181818,3.709090909090909,6.745454545454545,3.4909090909090907,4.672727272727273,1.709090909090909,0.9272727272727272,11.854545454545455,1.4727272727272727,0.01818181818181818,4.8,19.509090909090908,13.127272727272727,15.781818181818181,11.618181818181819
15,61252,0.001,0.5454545454545454,1.6181818181818182,0.8545454545454545,11.0,3.5636363636363635,0.8909090909090909,4.872727272727273,2.909090909090909,2.1818181818181817,10.436363636363636,9.072727272727272,0.8727272727272727,9.4,20.236363636363638,11.745454545454546,0.01818181818181818,1.1090909090909091,3.3454545454545452,7.818181818181818,9.854545454545455
16,61252,1e-05,1.1428571428571428,2.857142857142857,3.0357142857142856,3.5,3.2857142857142856,0.5357142857142857,8.678571428571429,4.071428571428571,3.142857142857143,8.035714285714286,7.928571428571429,1.8214285714285714,6.821428571428571,5.785714285714286,7.214285714285714,1.25,3.607142857142857,2.7857142857142856,0.5714285714285714,9.5
17,24834,1e-05,11.682926829268293,4.487804878048781,2.1951219512195124,0.024390243902439025,0.36585365853658536,0.8536585365853658,8.463414634146341,7.634146341463414,2.292682926829268,0.8292682926829268,2.8536585365853657,3.073170731707317,10.170731707317072,1.5609756097560976,0.0,4.195121951219512,23.365853658536587,4.365853658536586,8.439024390243903,3.048780487804878
18,24834,0.001,11.88679245283019,1.471698113207547,0.4339622641509434,0.6415094339622641,2.339622641509434,0.5283018867924528,1.3962264150943395,8.943396226415095,2.490566037735849,0.3018867924528302,4.169811320754717,5.2075471698113205,3.69811320754717,1.1320754716981132,0.018867924528301886,12.81132075471698,28.150943396226417,6.509433962264151,13.79245283018868,7.528301886792453
19,7500,0.001,2.4363636363636365,0.8,3.1636363636363636,2.1272727272727274,7.654545454545454,1.290909090909091,4.0181818181818185,3.727272727272727,6.745454545454545,5.236363636363636,3.8545454545454545,3.090909090909091,3.8,0.01818181818181818,0.01818181818181818,0.01818181818181818,2.4,1.018181818181818,1.3272727272727274,36.36363636363637
20,7500,1e-05,2.08,0.28,0.24,5.44,3.84,2.96,1.56,0.6,4.4,1.84,5.88,5.52,5.0,0.48,0.0,5.52,12.96,0.96,5.32,10.84
21,244,0.1,6.962264150943396,0.018867924528301886,1.5471698113207548,2.5283018867924527,5.716981132075472,0.8113207547169812,6.2075471698113205,3.6037735849056602,8.60377358490566,2.792452830188679,2.3207547169811322,7.113207547169812,5.981132075471698,0.03773584905660377,0.24528301886792453,10.471698113207546,18.169811320754718,1.0,4.245283018867925,27.962264150943398
22,244,0.001,2.7916666666666665,1.2083333333333333,1.3541666666666667,0.375,3.5416666666666665,0.9375,1.9166666666666667,5.166666666666667,3.4375,3.4375,3.6458333333333335,6.1875,5.770833333333333,0.3125,0.0,6.395833333333333,18.229166666666668,1.9375,5.541666666666667,12.770833333333334
23,240,1e-05,3.7419354838709675,0.06451612903225806,0.3548387096774194,2.3225806451612905,1.3548387096774193,0.5483870967741935,4.354838709677419,7.935483870967742,0.2903225806451613,0.16129032258064516,2.4838709677419355,2.903225806451613,0.16129032258064516,1.935483870967742,0.7096774193548387,7.774193548387097,24.451612903225808,5.483870967741935,14.387096774193548,9.580645161290322
24,240,0.001,8.0,1.5636363636363637,0.16363636363636364,0.2,2.090909090909091,0.10909090909090909,3.018181818181818,2.7454545454545456,2.1454545454545455,0.4909090909090909,2.8545454545454545,1.3454545454545455,4.090909090909091,0.01818181818181818,0.36363636363636365,14.563636363636364,20.4,10.50909090909091,16.272727272727273,15.163636363636364
25,7519,0.001,1.8703703703703705,1.9444444444444444,3.240740740740741,4.333333333333333,9.0,3.240740740740741,5.62962962962963,4.62962962962963,11.703703703703704,3.185185185185185,5.148148148148148,4.185185185185185,2.6481481481481484,0.9629629629629629,1.4074074074074074,0.9629629629629629,2.4074074074074074,0.07407407407407407,0.09259259259259259,27.72222222222222
26,7519,1e-05,1.896551724137931,1.0689655172413792,3.793103448275862,0.6206896551724138,0.8275862068965517,0.7241379310344828,7.793103448275862,6.517241379310345,2.5172413793103448,1.8620689655172413,4.482758620689655,1.0,1.896551724137931,0.1724137931034483,1.2758620689655173,0.034482758620689655,5.482758620689655,3.0,1.103448275862069,5.172413793103448
27,7559,0.001,10.418181818181818,3.090909090909091,2.272727272727273,5.945454545454545,7.927272727272728,6.927272727272728,12.854545454545455,5.836363636363636,4.363636363636363,0.8727272727272727,10.236363636363636,7.745454545454545,3.8181818181818183,1.2,0.18181818181818182,3.4727272727272727,11.290909090909091,0.2545454545454545,3.2181818181818183,10.50909090909091
28,7559,1e-05,4.346938775510204,2.795918367346939,1.4489795918367347,4.142857142857143,10.816326530612244,3.673469387755102,6.73469387755102,3.36734693877551,4.959183673469388,2.142857142857143,6.142857142857143,4.979591836734694,6.428571428571429,1.6122448979591837,1.0816326530612246,0.10204081632653061,5.591836734693878,3.122448979591837,4.489795918367347,11.714285714285714
29,7583,0.001,2.5660377358490565,2.7735849056603774,3.9245283018867925,0.18867924528301888,5.377358490566038,1.0943396226415094,1.7169811320754718,2.490566037735849,11.622641509433961,1.6037735849056605,2.2830188679245285,5.509433962264151,5.981132075471698,1.509433962264151,0.4339622641509434,2.4339622641509435,7.283018867924528,2.4150943396226414,5.113207547169812,15.641509433962264
30,7583,1e-05,5.681818181818182,1.8181818181818181,8.454545454545455,0.0,0.0,3.3636363636363638,5.181818181818182,4.454545454545454,0.0,2.227272727272727,2.272727272727273,2.3181818181818183,9.272727272727273,4.363636363636363,0.0,0.0,4.909090909090909,3.1363636363636362,4.681818181818182,1.0454545454545454
31,7593,1e-05,1.024390243902439,1.5121951219512195,1.951219512195122,6.390243902439025,8.560975609756097,5.487804878048781,12.585365853658537,8.121951219512194,1.8048780487804879,2.7560975609756095,5.463414634146342,2.4878048780487805,1.4146341463414633,2.5609756097560976,1.024390243902439,1.7560975609756098,8.024390243902438,3.073170731707317,0.9024390243902439,5.829268292682927
32,7593,0.001,1.8518518518518519,0.9074074074074074,2.5925925925925926,4.5,8.166666666666666,8.962962962962964,11.314814814814815,6.388888888888889,5.388888888888889,8.666666666666666,8.925925925925926,2.962962962962963,6.296296296296297,2.0925925925925926,0.018518518518518517,0.018518518518518517,5.0,0.5185185185185185,4.574074074074074,13.203703703703704
33,60998,1e-05,8.807692307692308,3.269230769230769,5.846153846153846,3.423076923076923,3.3846153846153846,3.730769230769231,7.8076923076923075,3.9615384615384617,2.1923076923076925,2.230769230769231,3.0,6.8076923076923075,3.076923076923077,1.4230769230769231,0.038461538461538464,1.9615384615384615,10.153846153846153,2.1153846153846154,2.8076923076923075,3.1538461538461537
34,60998,0.001,7.96,3.06,4.54,5.44,2.48,3.54,6.2,6.14,3.28,3.92,7.16,2.08,2.0,1.74,1.1,2.08,9.52,1.66,3.8,11.4
35,60999,0.001,6.0212765957446805,1.0,4.340425531914893,5.148936170212766,7.0212765957446805,9.51063829787234,13.191489361702128,4.51063829787234,5.723404255319149,2.3617021276595747,9.638297872340425,0.3617021276595745,2.6808510638297873,2.5106382978723403,1.6808510638297873,0.2978723404255319,9.23404255319149,1.7872340425531914,2.1914893617021276,6.468085106382978
36,60999,1e-05,1.5769230769230769,3.1923076923076925,5.576923076923077,0.3076923076923077,3.6923076923076925,3.8461538461538463,4.230769230769231,4.1923076923076925,3.230769230769231,4.653846153846154,9.038461538461538,4.230769230769231,9.115384615384615,3.3461538461538463,2.0384615384615383,0.0,5.615384615384615,3.230769230769231,1.9230769230769231,3.8461538461538463
37,7601,1e-05,15.2,0.4,1.55,4.4,1.3,3.1,3.2,5.0,3.3,0.75,9.65,0.0,7.9,0.0,1.95,0.0,5.9,2.85,1.95,4.2
38,7601,0.001,9.1,3.65,2.7,0.425,3.35,3.25,7.15,6.775,2.725,2.6,4.525,3.875,1.2,2.225,0.8,6.25,17.025,1.1,1.775,11.2
39,5541,0.001,2.1739130434782608,1.391304347826087,1.065217391304348,5.239130434782608,4.043478260869565,6.065217391304348,3.652173913043478,5.456521739130435,15.043478260869565,5.195652173913044,19.347826086956523,4.586956521739131,4.195652173913044,3.347826086956522,0.7608695652173914,2.108695652173913,2.5869565217391304,1.3695652173913044,3.1956521739130435,8.608695652173912
40,5541,0.1,0.37777777777777777,0.044444444444444446,0.5777777777777777,0.28888888888888886,3.7777777777777777,2.3333333333333335,5.355555555555555,5.155555555555556,9.844444444444445,2.022222222222222,19.91111111111111,1.4666666666666666,6.177777777777778,2.8666666666666667,1.8444444444444446,1.8,2.5555555555555554,3.2444444444444445,7.111111111111111,5.066666666666666
41,7632,0.001,22.166666666666668,4.619047619047619,5.738095238095238,1.7380952380952381,2.2142857142857144,1.4761904761904763,2.9761904761904763,6.190476190476191,4.523809523809524,2.619047619047619,4.380952380952381,2.642857142857143,6.738095238095238,0.40476190476190477,0.16666666666666666,1.1666666666666667,18.428571428571427,0.9285714285714286,3.2142857142857144,7.023809523809524
42,7632,1e-05,3.9047619047619047,0.2857142857142857,4.238095238095238,0.047619047619047616,0.8571428571428571,0.047619047619047616,2.4285714285714284,3.0476190476190474,4.476190476190476,3.0,2.0,2.2857142857142856,1.5238095238095237,3.0,2.0476190476190474,0.0,8.333333333333334,0.5714285714285714,4.476190476190476,6.333333333333333
43,7635,0.001,3.625,3.75,4.229166666666667,0.9583333333333334,0.3958333333333333,2.375,6.041666666666667,5.0625,5.854166666666667,6.770833333333333,4.875,1.8125,4.083333333333333,1.3958333333333333,1.2291666666666667,1.6041666666666667,5.833333333333333,1.5416666666666667,2.6041666666666665,16.791666666666668
44,7635,1e-05,1.0869565217391304,0.8260869565217391,0.043478260869565216,0.6086956521739131,0.17391304347826086,0.0,0.7391304347826086,2.391304347826087,0.17391304347826086,2.260869565217391,4.826086956521739,3.1739130434782608,2.8260869565217392,2.782608695652174,0.0,0.8260869565217391,11.956521739130435,3.0,6.913043478260869,8.869565217391305
45,637758,0.001,6.382978723404255,1.425531914893617,0.0851063829787234,4.170212765957447,2.5319148936170213,3.3617021276595747,2.4468085106382977,3.595744680851064,4.531914893617022,2.0638297872340425,6.48936170212766,2.978723404255319,4.851063829787234,0.02127659574468085,0.02127659574468085,17.46808510638298,16.319148936170212,2.0638297872340425,9.51063829787234,11.829787234042554
46,637758,1e-05,5.666666666666667,1.75,2.3333333333333335,0.05555555555555555,1.1944444444444444,0.9722222222222222,3.4722222222222223,6.75,2.25,3.1666666666666665,4.611111111111111,1.8333333333333333,2.8333333333333335,1.7777777777777777,0.9722222222222222,9.166666666666666,23.083333333333332,2.1666666666666665,9.86111111111111,8.75
47,7654,0.001,14.12962962962963,1.1481481481481481,1.037037037037037,1.5740740740740742,2.425925925925926,2.1481481481481484,3.6666666666666665,4.2592592592592595,3.814814814814815,3.259259259259259,5.425925925925926,4.87037037037037,3.4444444444444446,1.5555555555555556,0.018518518518518517,3.1666666666666665,10.703703703703704,0.25925925925925924,2.0185185185185186,11.796296296296296
48,7654,1e-05,8.303030303030303,3.3636363636363638,0.5454545454545454,1.8181818181818181,1.2121212121212122,1.303030303030303,4.333333333333333,2.272727272727273,5.121212121212121,3.5757575757575757,5.545454545454546,2.5454545454545454,4.666666666666667,1.1515151515151516,0.09090909090909091,0.42424242424242425,13.93939393939394,0.6666666666666666,9.090909090909092,5.878787878787879
49,7657,0.001,8.030303030303031,1.9393939393939394,2.242424242424242,1.696969696969697,3.1515151515151514,1.2121212121212122,6.181818181818182,3.515151515151515,1.606060606060606,4.545454545454546,6.242424242424242,1.1818181818181819,4.090909090909091,2.3333333333333335,0.030303030303030304,3.3333333333333335,10.242424242424242,6.303030303030303,4.2727272727272725,10.727272727272727
50,7657,0.1,9.381818181818181,0.5272727272727272,3.1636363636363636,2.309090909090909,1.8909090909090909,0.7090909090909091,2.3454545454545452,4.6909090909090905,3.8,0.5272727272727272,2.5272727272727273,2.7818181818181817,4.872727272727273,1.1090909090909091,0.01818181818181818,12.818181818181818,29.181818181818183,8.10909090909091,13.327272727272728,10.563636363636364
51,61005,0.1,6.081632653061225,1.0408163265306123,3.6122448979591835,3.795918367346939,6.3061224489795915,0.673469387755102,6.040816326530612,3.7551020408163267,8.857142857142858,2.510204081632653,4.1020408163265305,2.6122448979591835,3.510204081632653,0.24489795918367346,0.0,0.673469387755102,10.428571428571429,0.0,2.4285714285714284,19.591836734693878
52,61005,0.001,6.043478260869565,4.304347826086956,4.956521739130435,0.34782608695652173,2.391304347826087,4.217391304347826,4.565217391304348,7.043478260869565,2.869565217391304,0.34782608695652173,4.391304347826087,6.086956521739131,1.9565217391304348,1.0434782608695652,1.2608695652173914,2.217391304347826,14.391304347826088,2.869565217391304,3.608695652173913,15.26086956521739
53,7695,0.001,9.645833333333334,1.1666666666666667,0.020833333333333332,0.4791666666666667,0.020833333333333332,0.020833333333333332,2.8125,6.229166666666667,1.4375,0.14583333333333334,4.791666666666667,3.5208333333333335,3.4166666666666665,0.4166666666666667,0.020833333333333332,12.708333333333334,24.583333333333332,2.75,7.083333333333333,11.520833333333334
54,7695,1e-05,4.897435897435898,1.1794871794871795,4.0256410256410255,7.410256410256411,2.871794871794872,2.58974358974359,13.23076923076923,4.17948717948718,5.051282051282051,2.8461538461538463,7.769230769230769,2.1538461538461537,2.6923076923076925,1.205128205128205,0.23076923076923078,2.1538461538461537,9.333333333333334,4.153846153846154,2.6666666666666665,9.743589743589743
55,5315892,0.001,6.584905660377358,1.2452830188679245,1.5849056603773586,5.6415094339622645,2.9622641509433962,4.320754716981132,7.9245283018867925,7.037735849056604,1.9811320754716981,3.30188679245283,8.471698113207546,1.3396226415094339,15.11320754716981,1.0,0.0,7.245283018867925,18.18867924528302,9.018867924528301,7.471698113207547,12.471698113207546
56,5315892,1e-05,14.068181818181818,1.2727272727272727,3.090909090909091,2.3636363636363638,4.7727272727272725,2.8863636363636362,8.363636363636363,3.9318181818181817,3.977272727272727,4.545454545454546,12.386363636363637,1.25,2.4545454545454546,3.1363636363636362,2.227272727272727,0.09090909090909091,8.931818181818182,0.2727272727272727,1.5681818181818181,8.204545454545455
57,7720,1e-05,0.5434782608695652,1.9565217391304348,0.41304347826086957,7.239130434782608,5.8478260869565215,8.782608695652174,16.891304347826086,2.3260869565217392,4.217391304347826,3.0217391304347827,11.043478260869565,2.5869565217391304,1.2173913043478262,2.6739130434782608,2.347826086956522,0.13043478260869565,3.0217391304347827,2.8043478260869565,4.195652173913044,3.4565217391304346
58,7720,0.001,1.1111111111111112,2.462962962962963,0.5185185185185185,6.814814814814815,6.537037037037037,7.7592592592592595,9.333333333333334,3.537037037037037,6.962962962962963,7.425925925925926,12.777777777777779,1.5185185185185186,2.388888888888889,5.62962962962963,2.0,1.7407407407407407,2.740740740740741,0.018518518518518517,3.0555555555555554,17.796296296296298
59,7731,0.001,3.8846153846153846,2.326923076923077,1.7884615384615385,3.6923076923076925,2.230769230769231,0.7884615384615384,4.269230769230769,1.0769230769230769,4.0,4.3076923076923075,9.961538461538462,4.230769230769231,6.423076923076923,0.3269230769230769,0.9423076923076923,0.5576923076923077,11.423076923076923,1.1538461538461537,2.576923076923077,10.038461538461538
60,7731,1e-05,14.822222222222223,3.7333333333333334,3.577777777777778,1.4444444444444444,4.444444444444445,3.3333333333333335,4.533333333333333,6.6,3.1777777777777776,2.466666666666667,5.622222222222222,3.533333333333333,6.377777777777778,2.111111111111111,1.5777777777777777,5.955555555555556,13.333333333333334,2.8,5.022222222222222,3.7333333333333334
61,5363233,1e-05,1.7619047619047619,8.19047619047619,6.333333333333333,5.666666666666667,5.0,4.809523809523809,5.333333333333333,5.380952380952381,3.142857142857143,2.0,5.380952380952381,7.095238095238095,0.19047619047619047,3.0,0.0,2.142857142857143,4.142857142857143,0.0,0.047619047619047616,3.0476190476190474
62,5363233,0.001,1.48,4.46,6.7,1.7,5.64,2.38,7.32,4.42,9.14,11.34,2.66,7.1,5.32,1.66,1.26,0.32,3.5,0.0,1.64,15.28
63,61523,0.001,6.74,4.68,0.66,0.1,2.46,2.1,8.04,5.3,4.6,4.04,3.48,1.54,2.94,0.52,0.8,6.82,12.36,2.04,1.56,10.8
64,61523,1e-05,8.952380952380953,0.0,3.0476190476190474,3.7142857142857144,0.0,0.0,3.857142857142857,4.619047619047619,0.0,0.8571428571428571,3.3333333333333335,0.0,4.9523809523809526,0.0,0.0,1.619047619047619,11.095238095238095,3.9523809523809526,10.761904761904763,0.3333333333333333
65,7749,0.001,2.2222222222222223,1.5,0.9259259259259259,6.5,5.0,2.185185185185185,7.888888888888889,4.148148148148148,6.277777777777778,3.2777777777777777,7.351851851851852,4.62962962962963,2.6296296296296298,1.5555555555555556,0.7407407407407407,6.222222222222222,11.88888888888889,3.4074074074074074,7.092592592592593,18.64814814814815
66,7749,1e-05,3.4146341463414633,2.268292682926829,2.1707317073170733,1.3658536585365855,5.463414634146342,5.195121951219512,11.195121951219512,6.219512195121951,3.1219512195121952,2.8536585365853657,7.2926829268292686,2.3658536585365852,4.146341463414634,2.8780487804878048,3.1463414634146343,1.170731707317073,4.487804878048781,1.8048780487804879,1.6829268292682926,7.780487804878049
67,7761,1e-05,7.0,3.0454545454545454,2.1136363636363638,2.409090909090909,0.29545454545454547,1.2272727272727273,1.5227272727272727,6.613636363636363,2.7954545454545454,1.7045454545454546,3.659090909090909,2.4318181818181817,3.272727272727273,0.7727272727272727,0.2727272727272727,12.0,23.863636363636363,6.681818181818182,7.431818181818182,5.909090909090909
68,7761,0.001,6.963636363636364,0.9090909090909091,0.01818181818181818,1.0,0.01818181818181818,0.01818181818181818,1.0727272727272728,5.418181818181818,1.7636363636363637,0.4727272727272727,2.8545454545454545,3.1454545454545455,1.1272727272727272,0.01818181818181818,0.01818181818181818,22.636363636363637,31.78181818181818,6.0181818181818185,21.054545454545455,3.9454545454545453
69,7762,0.001,5.6909090909090905,0.32727272727272727,0.45454545454545453,4.036363636363636,0.6,2.2545454545454544,1.4181818181818182,3.8,2.3636363636363638,1.3272727272727274,8.781818181818181,2.5636363636363635,1.4727272727272727,0.01818181818181818,0.01818181818181818,19.98181818181818,26.4,8.181818181818182,20.87272727272727,8.872727272727273
70,7762,1e-05,8.5,2.1956521739130435,1.1956521739130435,2.6956521739130435,3.217391304347826,2.1739130434782608,1.0434782608695652,5.173913043478261,1.9565217391304348,3.108695652173913,3.347826086956522,1.2391304347826086,2.8260869565217392,0.8695652173913043,0.8478260869565217,18.782608695652176,23.97826086956522,4.521739130434782,12.152173913043478,7.565217391304348
71,7765,0.001,0.6904761904761905,1.8571428571428572,2.0476190476190474,0.7857142857142857,3.4761904761904763,1.4047619047619047,5.4523809523809526,4.976190476190476,4.023809523809524,4.976190476190476,2.5,2.8333333333333335,2.4047619047619047,1.5476190476190477,0.8095238095238095,1.8571428571428572,6.666666666666667,4.0476190476190474,3.7142857142857144,14.785714285714286
72,7765,1e-05,4.742857142857143,0.42857142857142855,0.6,0.17142857142857143,4.514285714285714,0.0,2.9714285714285715,3.4285714285714284,4.257142857142857,2.1142857142857143,5.257142857142857,5.285714285714286,2.857142857142857,0.0,0.0,4.3428571428571425,12.028571428571428,0.9428571428571428,1.7428571428571429,18.942857142857143
73,7768,0.001,2.34375,2.34375,8.5625,4.84375,4.90625,5.3125,11.5625,5.5,7.75,2.9375,4.28125,4.84375,8.0,3.5625,3.0625,0.03125,2.03125,0.0,0.0,8.71875
74,7768,0.1,5.833333333333333,1.3055555555555556,2.9166666666666665,5.944444444444445,4.416666666666667,2.2222222222222223,6.888888888888889,3.138888888888889,3.6944444444444446,4.083333333333333,10.083333333333334,7.694444444444445,0.3611111111111111,1.3333333333333333,0.4166666666666667,0.4444444444444444,4.444444444444445,1.25,0.9166666666666666,11.166666666666666
75,7770,0.001,3.4,1.1090909090909091,0.12727272727272726,4.6909090909090905,4.2,4.109090909090909,7.545454545454546,4.7272727272727275,2.1636363636363636,3.2545454545454544,11.672727272727272,0.21818181818181817,2.1818181818181817,0.12727272727272726,0.8727272727272727,13.054545454545455,13.581818181818182,2.036363636363636,4.509090909090909,6.909090909090909
76,7770,1e-05,1.7,0.975,3.125,5.825,5.1,12.475,12.375,5.15,1.9,5.05,10.05,2.7,7.8,3.025,3.35,0.475,6.65,3.1,2.925,5.725
77,1549026,1e-07,0.7666666666666667,3.8333333333333335,0.06666666666666667,0.13333333333333333,3.433333333333333,0.7333333333333333,4.4,3.2,4.6,3.933333333333333,7.066666666666666,1.7333333333333334,0.3,0.23333333333333334,1.7666666666666666,3.3,2.9,4.1,0.9333333333333333,1.5666666666666667
78,1549026,1e-05,1.9655172413793103,0.0,3.7586206896551726,3.0344827586206895,2.586206896551724,1.896551724137931,4.413793103448276,4.206896551724138,0.5517241379310345,4.0,8.206896551724139,1.7241379310344827,0.3793103448275862,0.9310344827586207,0.6551724137931034,2.586206896551724,8.862068965517242,4.724137931034483,5.448275862068965,9.0
79,61527,1e-07,1.0,1.6956521739130435,0.0,0.13043478260869565,0.21739130434782608,2.5652173913043477,6.913043478260869,3.4347826086956523,0.21739130434782608,0.6956521739130435,1.434782608695652,2.5217391304347827,5.260869565217392,2.782608695652174,1.565217391304348,2.0,6.0,0.6956521739130435,5.478260869565218,2.347826086956522
80,61527,1e-05,1.0392156862745099,2.607843137254902,5.03921568627451,6.352941176470588,5.450980392156863,3.588235294117647,8.235294117647058,4.745098039215686,1.803921568627451,7.019607843137255,3.0,2.176470588235294,3.627450980392157,1.7647058823529411,0.6666666666666666,1.0392156862745099,8.745098039215685,3.372549019607843,2.843137254901961,8.549019607843137
81,235414,0.001,5.555555555555555,0.0,1.3703703703703705,4.111111111111111,5.0,1.1851851851851851,5.2592592592592595,1.2222222222222223,5.222222222222222,0.7037037037037037,2.3333333333333335,9.592592592592593,1.6296296296296295,0.0,0.0,4.62962962962963,7.888888888888889,0.18518518518518517,4.148148148148148,9.333333333333334
82,235414,0.1,21.634615384615383,2.5384615384615383,2.230769230769231,1.25,0.5576923076923077,0.8461538461538461,3.0,8.403846153846153,0.8461538461538461,0.019230769230769232,0.019230769230769232,1.3846153846153846,2.230769230769231,0.019230769230769232,0.019230769230769232,3.269230769230769,25.98076923076923,2.6923076923076925,1.3461538461538463,10.346153846153847
83,7792,1e-05,2.2,7.35,0.65,4.25,6.3,0.2,7.6,4.05,4.9,1.75,9.65,4.1,1.35,4.85,1.55,1.6,1.5,0.0,0.15,10.5
84,7792,0.001,7.722222222222222,0.6851851851851852,3.962962962962963,3.5,5.666666666666667,2.0555555555555554,2.8333333333333335,2.2222222222222223,5.333333333333333,0.8518518518518519,4.481481481481482,7.722222222222222,4.0,0.018518518518518517,0.0,6.87037037037037,9.722222222222221,0.0,0.0,21.48148148148148
85,637566,1e-05,8.075,1.425,3.45,4.175,1.75,1.775,2.025,4.525,5.175,1.75,5.45,2.575,2.7,2.05,0.0,8.875,13.925,2.575,5.7,12.15
86,637566,0.001,7.0,6.2592592592592595,5.37037037037037,1.9814814814814814,2.8518518518518516,1.4814814814814814,7.222222222222222,2.0925925925925926,3.6296296296296298,3.759259259259259,5.166666666666667,3.4814814814814814,6.2592592592592595,2.240740740740741,0.0,7.555555555555555,14.185185185185185,1.8703703703703705,3.314814814814815,16.037037037037038
87,643820,0.001,7.365384615384615,4.096153846153846,1.2692307692307692,0.9807692307692307,2.519230769230769,0.6730769230769231,5.711538461538462,3.6538461538461537,6.076923076923077,2.9423076923076925,2.730769230769231,4.038461538461538,9.865384615384615,1.9230769230769231,0.019230769230769232,9.076923076923077,17.923076923076923,5.961538461538462,5.3076923076923075,11.692307692307692
88,643820,1e-05,6.03030303030303,0.9090909090909091,3.212121212121212,3.212121212121212,5.818181818181818,1.4242424242424243,1.7878787878787878,2.0606060606060606,4.2727272727272725,0.15151515151515152,6.454545454545454,8.151515151515152,4.303030303030303,3.212121212121212,1.4545454545454546,6.848484848484849,8.090909090909092,4.303030303030303,5.454545454545454,6.363636363636363
89,7795,1e-05,0.0,8.535714285714286,2.9285714285714284,7.642857142857143,0.10714285714285714,1.0714285714285714,4.107142857142857,0.17857142857142858,1.75,3.0,7.392857142857143,3.357142857142857,3.4285714285714284,4.321428571428571,0.6428571428571429,0.03571428571428571,3.0714285714285716,4.285714285714286,4.964285714285714,6.071428571428571
90,7795,0.001,8.901960784313726,0.45098039215686275,1.2156862745098038,0.9019607843137255,2.7450980392156863,1.6666666666666667,2.5686274509803924,4.098039215686274,1.803921568627451,1.4313725490196079,7.372549019607843,3.3529411764705883,3.6862745098039214,0.3137254901960784,0.8431372549019608,16.0,27.03921568627451,3.6862745098039214,5.862745098039215,10.176470588235293
91,7797,1e-05,11.0,1.697674418604651,2.255813953488372,1.0465116279069768,0.9069767441860465,0.9534883720930233,2.604651162790698,8.953488372093023,1.069767441860465,1.8372093023255813,4.023255813953488,1.441860465116279,7.5813953488372094,2.7674418604651163,1.2325581395348837,5.744186046511628,17.930232558139537,4.837209302325581,9.0,8.372093023255815
92,7797,0.001,9.470588235294118,0.9607843137254902,0.3137254901960784,1.6274509803921569,2.0588235294117645,0.0196078431372549,1.2549019607843137,3.5294117647058822,3.4313725490196076,0.39215686274509803,5.588235294117647,1.9607843137254901,3.764705882352941,0.0392156862745098,0.0196078431372549,19.03921568627451,27.96078431372549,4.078431372549019,10.92156862745098,9.235294117647058
93,7799,1e-05,11.342105263157896,4.842105263157895,1.7105263157894737,0.02631578947368421,0.07894736842105263,0.07894736842105263,0.8421052631578947,6.052631578947368,1.3421052631578947,1.7894736842105263,2.6578947368421053,3.0,0.7105263157894737,0.02631578947368421,0.02631578947368421,12.157894736842104,27.236842105263158,0.23684210526315788,10.868421052631579,6.868421052631579
94,7799,0.001,8.634615384615385,2.3461538461538463,1.3076923076923077,1.4230769230769231,0.057692307692307696,0.5961538461538461,1.6538461538461537,4.980769230769231,1.4615384615384615,0.36538461538461536,4.0,2.4423076923076925,4.115384615384615,2.173076923076923,1.5961538461538463,16.576923076923077,24.326923076923077,0.8653846153846154,8.211538461538462,5.3076923076923075
95,7803,0.001,4.75,1.5384615384615385,0.9615384615384616,2.8653846153846154,4.769230769230769,2.519230769230769,2.423076923076923,6.134615384615385,9.634615384615385,2.1538461538461537,3.7884615384615383,5.230769230769231,2.269230769230769,1.0192307692307692,0.4423076923076923,4.211538461538462,16.03846153846154,0.09615384615384616,1.5769230769230769,29.634615384615383
96,7803,1e-05,9.347826086956522,2.0434782608695654,6.782608695652174,0.4782608695652174,0.0,2.217391304347826,7.739130434782608,0.0,4.130434782608695,1.3043478260869565,2.608695652173913,5.304347826086956,8.652173913043478,1.3043478260869565,0.0,0.17391304347826086,11.608695652173912,1.6521739130434783,7.869565217391305,2.869565217391304
97,2879,1e-05,3.98,4.16,4.76,8.92,13.88,4.94,10.7,4.88,5.96,5.34,4.0,2.64,2.16,0.94,0.74,1.26,1.96,0.0,1.54,24.48
98,2879,0.001,2.111111111111111,0.9814814814814815,4.851851851851852,6.888888888888889,10.055555555555555,5.018518518518518,13.092592592592593,6.814814814814815,7.851851851851852,10.296296296296296,6.185185185185185,6.2407407407407405,4.277777777777778,0.6851851851851852,0.6481481481481481,0.05555555555555555,1.7592592592592593,0.5185185185185185,0.09259259259259259,18.75925925925926
99,7820,0.1,5.795918367346939,3.4489795918367347,0.32653061224489793,2.2857142857142856,4.530612244897959,2.2244897959183674,3.183673469387755,5.020408163265306,7.204081632653061,2.326530612244898,4.6938775510204085,3.3469387755102042,2.693877551020408,0.6530612244897959,0.0,6.918367346938775,15.10204081632653,2.061224489795918,11.040816326530612,23.53061224489796
100,7820,0.001,2.44,1.78,0.72,5.76,6.48,0.26,2.72,4.06,6.8,1.8,8.32,3.82,2.48,0.04,0.12,4.92,10.42,1.08,2.8,21.22
101,246728,0.001,3.8679245283018866,1.0,6.830188679245283,2.7735849056603774,2.7735849056603774,3.018867924528302,5.169811320754717,3.188679245283019,4.811320754716981,1.830188679245283,8.20754716981132,1.2830188679245282,2.6037735849056602,1.9056603773584906,0.018867924528301886,13.90566037735849,21.245283018867923,2.30188679245283,9.566037735849056,12.49056603773585
102,246728,1e-05,5.368421052631579,0.15789473684210525,0.3684210526315789,3.210526315789474,1.2894736842105263,4.131578947368421,4.947368421052632,2.710526315789474,1.2894736842105263,0.7368421052631579,5.2368421052631575,8.552631578947368,11.473684210526315,0.2894736842105263,0.10526315789473684,5.421052631578948,12.947368421052632,0.34210526315789475,5.947368421052632,9.052631578947368
103,7824,0.001,7.2592592592592595,2.574074074074074,0.12962962962962962,1.2592592592592593,3.537037037037037,1.1111111111111112,2.537037037037037,3.9444444444444446,4.462962962962963,0.2777777777777778,9.962962962962964,2.1296296296296298,2.2962962962962963,0.5925925925925926,0.5555555555555556,13.722222222222221,26.72222222222222,2.185185185185185,15.574074074074074,9.925925925925926
104,7824,1e-05,4.65625,4.84375,1.1875,1.34375,1.625,0.6875,1.71875,2.21875,6.78125,2.46875,10.40625,3.3125,6.46875,1.5,0.28125,2.71875,12.21875,2.65625,3.125,15.21875
105,7826,1e-05,7.035714285714286,3.9642857142857144,6.607142857142857,5.5,2.4642857142857144,0.4642857142857143,8.75,3.0,0.5,2.9285714285714284,9.0,3.7857142857142856,1.3928571428571428,1.4642857142857142,2.5714285714285716,10.357142857142858,18.357142857142858,0.42857142857142855,4.178571428571429,8.678571428571429
106,7826,0.001,7.934782608695652,8.26086956521739,0.391304347826087,1.391304347826087,1.6521739130434783,1.2391304347826086,0.6956521739130435,1.3478260869565217,3.347826086956522,4.434782608695652,6.782608695652174,7.891304347826087,3.891304347826087,2.1956521739130435,0.0,13.565217391304348,22.369565217391305,2.369565217391304,9.195652173913043,9.26086956521739
107,14104,0.001,2.4375,1.5833333333333333,5.0,0.7291666666666666,2.0,1.3125,1.5208333333333333,5.208333333333333,10.333333333333334,4.229166666666667,3.2916666666666665,2.2916666666666665,11.645833333333334,1.875,0.0,0.0,1.7916666666666667,0.9375,1.3541666666666667,21.895833333333332
108,14104,1e-05,5.333333333333333,0.0,1.4444444444444444,6.833333333333333,0.5,0.05555555555555555,2.0,8.777777777777779,0.5,7.888888888888889,1.8333333333333333,0.0,11.055555555555555,4.611111111111111,0.0,1.8333333333333333,1.8333333333333333,0.7222222222222222,2.7222222222222223,4.777777777777778
109,7894,1e-05,2.3333333333333335,0.8205128205128205,1.0256410256410255,3.076923076923077,1.8717948717948718,6.128205128205129,8.923076923076923,4.17948717948718,7.153846153846154,2.923076923076923,5.6923076923076925,1.358974358974359,1.8717948717948718,4.0,1.9743589743589745,0.10256410256410256,1.5384615384615385,2.8461538461538463,4.0,11.897435897435898
110,7894,1e-07,0.047619047619047616,2.9523809523809526,2.142857142857143,0.0,2.2857142857142856,0.7619047619047619,6.476190476190476,3.5238095238095237,4.476190476190476,0.14285714285714285,2.619047619047619,4.380952380952381,1.6666666666666667,3.142857142857143,2.4761904761904763,0.0,4.666666666666667,0.42857142857142855,0.3333333333333333,7.333333333333333
111,264,1e-05,1.0,1.7307692307692308,1.0961538461538463,13.5,4.634615384615385,10.615384615384615,17.173076923076923,4.1923076923076925,3.8076923076923075,4.153846153846154,18.403846153846153,0.15384615384615385,4.480769230769231,3.6153846153846154,1.6730769230769231,0.019230769230769232,1.5192307692307692,1.3461538461538463,1.8653846153846154,5.865384615384615
112,264,0.001,0.8363636363636363,0.9818181818181818,2.5090909090909093,14.836363636363636,7.672727272727273,12.163636363636364,12.363636363636363,4.181818181818182,5.0181818181818185,7.1454545454545455,18.654545454545456,1.1454545454545455,3.2181818181818183,6.745454545454545,3.381818181818182,0.05454545454545454,1.0363636363636364,0.4909090909090909,3.2,10.945454545454545
113,239,0.001,9.969696969696969,3.878787878787879,0.21212121212121213,0.5454545454545454,1.4242424242424243,1.878787878787879,5.2727272727272725,5.878787878787879,1.3333333333333333,3.272727272727273,5.0606060606060606,0.6666666666666666,8.272727272727273,5.333333333333333,1.4848484848484849,4.818181818181818,19.575757575757574,3.8484848484848486,7.636363636363637,4.121212121212121
114,239,0.1,5.219512195121951,2.682926829268293,4.7073170731707314,3.0,0.1951219512195122,0.7560975609756098,5.414634146341464,2.4390243902439024,2.975609756097561,3.4390243902439024,7.463414634146342,4.073170731707317,2.7804878048780486,2.1219512195121952,1.5609756097560976,1.6829268292682926,7.2439024390243905,0.6097560975609756,3.341463414634146,9.487804878048781
115,7915,0.001,7.5625,2.3958333333333335,1.2083333333333333,2.2291666666666665,2.875,1.4375,5.0,4.5625,8.3125,1.8541666666666667,4.8125,8.4375,5.0,1.6666666666666667,0.0,3.5,8.479166666666666,0.2916666666666667,0.14583333333333334,32.0625
116,7915,1e-05,5.129032258064516,12.161290322580646,5.419354838709677,1.7741935483870968,2.838709677419355,1.967741935483871,7.419354838709677,5.774193548387097,2.225806451612903,1.5806451612903225,6.064516129032258,1.5161290322580645,4.193548387096774,1.8064516129032258,0.6129032258064516,0.9032258064516129,7.258064516129032,3.967741935483871,4.225806451612903,4.032258064516129
117,7916,1e-05,2.9642857142857144,0.21428571428571427,1.1071428571428572,2.7142857142857144,0.03571428571428571,1.8571428571428572,7.892857142857143,4.25,0.5,1.6071428571428572,14.107142857142858,1.0,6.892857142857143,3.7142857142857144,1.2857142857142858,2.2857142857142856,6.5,3.2857142857142856,5.035714285714286,0.9642857142857143
118,7916,1e-07,0.65,1.9,1.6,7.45,2.65,1.25,6.35,1.2,2.55,3.15,6.3,8.55,0.05,3.1,2.1,1.05,7.2,0.0,0.0,11.7
119,7921,1e-05,3.6818181818181817,3.409090909090909,2.5,0.045454545454545456,1.6363636363636365,1.0,12.272727272727273,6.136363636363637,1.9090909090909092,0.13636363636363635,6.590909090909091,0.45454545454545453,0.45454545454545453,3.5454545454545454,1.4090909090909092,0.7727272727272727,6.681818181818182,3.5454545454545454,3.409090909090909,7.5
120,7921,0.001,0.8611111111111112,1.4444444444444444,0.5,1.4444444444444444,1.75,3.0,3.6666666666666665,5.25,3.638888888888889,0.0,1.4444444444444444,2.2222222222222223,6.5,1.5277777777777777,0.75,1.25,11.777777777777779,7.638888888888889,6.416666666666667,5.444444444444445
121,7937,0.001,1.4545454545454546,1.8545454545454545,4.527272727272727,6.890909090909091,8.181818181818182,3.9272727272727272,6.363636363636363,4.345454545454546,13.254545454545454,8.10909090909091,10.709090909090909,2.4909090909090907,3.5454545454545454,1.709090909090909,4.054545454545455,0.7272727272727273,3.3636363636363638,3.0727272727272728,6.345454545454546,24.945454545454545
122,7937,1e-05,0.9375,2.0,3.75,6.3125,3.4375,3.9375,3.8125,5.104166666666667,6.5,5.75,6.8125,4.6875,4.125,1.6666666666666667,1.5208333333333333,0.4791666666666667,2.8125,0.7083333333333334,1.375,15.416666666666666
123,7967,0.001,2.4074074074074074,0.6111111111111112,1.9074074074074074,1.6851851851851851,11.333333333333334,4.203703703703703,3.425925925925926,5.2407407407407405,12.907407407407407,3.8703703703703702,2.6666666666666665,13.574074074074074,5.888888888888889,0.018518518518518517,0.037037037037037035,2.7222222222222223,13.425925925925926,1.2592592592592593,5.148148148148148,28.27777777777778
124,7967,1e-05,5.571428571428571,2.3714285714285714,4.542857142857143,2.9714285714285715,3.6,1.8,6.4,5.2,4.3428571428571425,6.714285714285714,6.8,4.485714285714286,3.4857142857142858,4.142857142857143,2.0285714285714285,0.8285714285714286,7.571428571428571,2.742857142857143,7.0285714285714285,15.457142857142857
125,7969,1e-05,1.358974358974359,0.0,0.5641025641025641,9.205128205128204,5.435897435897436,4.615384615384615,10.179487179487179,6.717948717948718,3.282051282051282,7.564102564102564,9.487179487179487,0.0,13.666666666666666,11.948717948717949,8.179487179487179,1.1025641025641026,1.7435897435897436,4.0,7.102564102564102,7.666666666666667
126,7969,1e-07,3.4,4.35,2.1,2.8,3.15,4.1,10.25,10.2,0.0,3.15,7.25,3.25,2.7,4.0,0.0,0.0,1.75,0.6,1.45,9.0
127,61024,0.001,6.264705882352941,3.735294117647059,1.911764705882353,0.029411764705882353,2.323529411764706,0.8529411764705882,7.588235294117647,2.6176470588235294,1.588235294117647,0.4411764705882353,1.2941176470588236,0.35294117647058826,2.0588235294117645,1.3529411764705883,0.029411764705882353,2.588235294117647,9.088235294117647,4.235294117647059,3.264705882352941,6.676470588235294
128,61024,1e-05,0.09523809523809523,1.7619047619047619,4.238095238095238,0.047619047619047616,1.3333333333333333,5.095238095238095,3.380952380952381,1.2380952380952381,5.380952380952381,2.2857142857142856,8.761904761904763,3.0476190476190474,6.0476190476190474,5.476190476190476,0.3333333333333333,1.5238095238095237,3.9523809523809526,0.3333333333333333,6.238095238095238,9.142857142857142
129,8038,0.001,4.072727272727272,0.01818181818181818,0.2,1.8,4.545454545454546,0.05454545454545454,1.2727272727272727,0.7272727272727273,9.309090909090909,1.2181818181818183,2.272727272727273,6.1454545454545455,1.2363636363636363,0.12727272727272726,0.21818181818181817,10.309090909090909,19.054545454545455,1.6181818181818182,9.89090909090909,26.436363636363637
130,8038,1e-05,9.838709677419354,0.8387096774193549,4.516129032258065,1.1290322580645162,2.6129032258064515,0.6451612903225806,4.419354838709677,0.6451612903225806,5.903225806451613,0.2903225806451613,3.3870967741935485,4.451612903225806,0.03225806451612903,0.1935483870967742,0.0,5.32258064516129,7.0,0.8709677419354839,1.967741935483871,8.806451612903226
131,7983,1e-05,5.388888888888889,7.527777777777778,3.5277777777777777,2.3055555555555554,1.75,3.5,6.777777777777778,2.2777777777777777,1.9166666666666667,2.388888888888889,5.805555555555555,2.5,1.8888888888888888,4.722222222222222,1.2777777777777777,2.361111111111111,7.722222222222222,0.08333333333333333,5.833333333333333,4.555555555555555
132,7983,0.001,4.363636363636363,0.03636363636363636,0.01818181818181818,7.581818181818182,4.036363636363636,4.290909090909091,4.890909090909091,5.4363636363636365,2.4363636363636365,2.109090909090909,8.636363636363637,4.3090909090909095,2.4545454545454546,1.8727272727272728,1.4363636363636363,10.836363636363636,17.09090909090909,2.727272727272727,11.054545454545455,8.472727272727273
133,61027,0.001,4.115384615384615,3.3461538461538463,1.1153846153846154,3.576923076923077,0.11538461538461539,2.269230769230769,2.3846153846153846,4.8076923076923075,6.653846153846154,10.961538461538462,4.5,8.423076923076923,3.576923076923077,2.6538461538461537,2.4615384615384617,0.0,7.0,0.0,0.0,7.961538461538462
134,61027,0.1,0.4528301886792453,0.16981132075471697,4.415094339622642,3.5660377358490565,1.7547169811320755,2.5283018867924527,6.09433962264151,10.50943396226415,3.4339622641509435,9.716981132075471,5.490566037735849,2.830188679245283,3.5283018867924527,1.8679245283018868,3.849056603773585,2.849056603773585,6.188679245283019,2.0,2.2641509433962264,11.867924528301886
135,7991,1e-07,2.2083333333333335,7.458333333333333,5.333333333333333,2.7083333333333335,0.8333333333333334,1.9583333333333333,8.458333333333334,3.0833333333333335,1.625,0.9583333333333334,10.5,3.75,3.3333333333333335,3.7083333333333335,0.0,0.0,7.208333333333333,3.375,5.416666666666667,12.0
136,7991,1e-05,0.5227272727272727,0.022727272727272728,2.3181818181818183,10.0,6.568181818181818,9.068181818181818,13.681818181818182,3.1363636363636362,5.931818181818182,3.659090909090909,14.068181818181818,2.909090909090909,2.409090909090909,3.0681818181818183,2.4318181818181817,2.227272727272727,5.136363636363637,0.6590909090909091,2.5,7.818181818181818
137,7997,1e-05,2.5925925925925926,4.777777777777778,5.444444444444445,0.7037037037037037,1.0,3.037037037037037,6.62962962962963,0.5555555555555556,4.666666666666667,1.7037037037037037,5.37037037037037,1.4074074074074074,5.62962962962963,0.48148148148148145,0.037037037037037035,1.037037037037037,4.074074074074074,2.074074074074074,5.222222222222222,4.888888888888889
138,7997,0.001,5.75,1.5454545454545454,0.0,2.1818181818181817,10.272727272727273,0.7045454545454546,2.6363636363636362,2.159090909090909,10.204545454545455,0.25,7.340909090909091,2.8863636363636362,2.772727272727273,0.13636363636363635,0.1590909090909091,0.11363636363636363,4.2727272727272725,0.0,2.409090909090909,20.568181818181817
139,8007,1e-07,1.9393939393939394,3.6666666666666665,6.666666666666667,0.6363636363636364,2.6666666666666665,7.333333333333333,13.333333333333334,0.30303030303030304,4.454545454545454,0.7272727272727273,0.9393939393939394,2.0606060606060606,5.181818181818182,2.5757575757575757,0.0,0.18181818181818182,5.909090909090909,1.7878787878787878,2.0606060606060606,6.545454545454546
140,8007,1e-05,7.0,0.0,3.96,0.04,5.24,2.32,4.08,3.64,3.6,2.04,2.84,3.56,7.12,3.48,1.16,2.96,8.68,3.96,5.64,7.24
141,8025,0.1,5.511111111111111,5.533333333333333,2.6444444444444444,3.311111111111111,4.266666666666667,1.9111111111111112,6.533333333333333,2.088888888888889,4.111111111111111,3.1555555555555554,3.4444444444444446,3.511111111111111,6.333333333333333,0.6888888888888889,0.8666666666666667,4.888888888888889,7.133333333333334,1.0888888888888888,2.6222222222222222,20.866666666666667
142,8025,0.001,0.29411764705882354,0.0,2.9411764705882355,1.7647058823529411,0.11764705882352941,10.176470588235293,16.11764705882353,0.5882352941176471,0.4117647058823529,0.17647058823529413,6.823529411764706,0.29411764705882354,0.0,5.647058823529412,0.0,0.058823529411764705,5.0,1.2941176470588236,3.176470588235294,6.588235294117647
143,8030,1e-05,5.463414634146342,4.804878048780488,4.2682926829268295,3.926829268292683,4.414634146341464,8.951219512195122,12.365853658536585,8.926829268292684,2.048780487804878,3.8048780487804876,12.585365853658537,1.6097560975609757,6.414634146341464,9.609756097560975,6.024390243902439,2.5365853658536586,7.024390243902439,6.439024390243903,5.829268292682927,5.170731707317073
144,8030,0.001,0.09433962264150944,3.207547169811321,1.0,13.849056603773585,5.660377358490566,3.6037735849056602,9.773584905660377,2.981132075471698,4.3584905660377355,4.30188679245283,8.849056603773585,2.5660377358490565,14.169811320754716,16.867924528301888,6.679245283018868,0.018867924528301886,0.41509433962264153,2.6037735849056602,14.679245283018869,3.6226415094339623
145,1110,0.001,3.3529411764705883,0.20588235294117646,2.9411764705882355,1.9705882352941178,4.970588235294118,9.735294117647058,10.411764705882353,1.8823529411764706,5.117647058823529,1.3235294117647058,13.058823529411764,2.735294117647059,2.676470588235294,3.735294117647059,0.38235294117647056,0.0,6.676470588235294,0.0,3.176470588235294,7.176470588235294
146,1110,0.1,0.1590909090909091,0.4772727272727273,3.159090909090909,1.8636363636363635,2.25,9.386363636363637,14.659090909090908,2.1363636363636362,4.681818181818182,4.545454545454546,13.863636363636363,2.409090909090909,1.4772727272727273,4.909090909090909,1.8409090909090908,2.7045454545454546,4.568181818181818,0.11363636363636363,1.1590909090909092,11.068181818181818
147,444972,0.001,2.25,8.0,1.35,0.0,0.3,2.25,13.65,0.0,0.9,0.05,8.8,3.8,8.55,3.15,3.75,0.0,9.8,2.65,3.05,5.65
148,444972,0.1,1.0851063829787233,1.7446808510638299,3.148936170212766,4.340425531914893,3.425531914893617,6.638297872340425,7.76595744680851,4.085106382978723,2.1702127659574466,5.276595744680851,12.872340425531915,2.148936170212766,3.74468085106383,1.702127659574468,0.1702127659574468,2.0,5.787234042553192,0.0425531914893617,4.0638297872340425,10.106382978723405
149,8042,0.1,3.6774193548387095,0.9032258064516129,0.6451612903225806,2.3548387096774195,3.225806451612903,4.32258064516129,5.516129032258065,3.6774193548387095,3.129032258064516,3.4516129032258065,4.838709677419355,4.354838709677419,2.5806451612903225,1.6774193548387097,0.0,1.1612903225806452,1.4516129032258065,1.064516129032258,1.8064516129032258,16.612903225806452
150,8042,0.001,2.7083333333333335,1.4166666666666667,7.791666666666667,2.4166666666666665,0.0,4.416666666666667,1.7916666666666667,7.5,3.6666666666666665,5.625,3.1666666666666665,2.9583333333333335,5.666666666666667,2.9583333333333335,0.0,1.0833333333333333,12.958333333333334,3.0833333333333335,4.708333333333333,8.875
151,8048,0.001,8.586206896551724,4.241379310344827,1.6551724137931034,0.27586206896551724,3.0344827586206895,3.310344827586207,10.172413793103448,2.310344827586207,0.896551724137931,4.172413793103448,1.896551724137931,0.06896551724137931,1.6896551724137931,1.4137931034482758,0.3448275862068966,0.4827586206896552,8.827586206896552,6.0,5.758620689655173,4.344827586206897
152,8048,0.1,6.018867924528302,1.3962264150943395,1.1886792452830188,0.9811320754716981,0.7924528301886793,1.2264150943396226,2.792452830188679,4.113207547169812,3.5283018867924527,0.9433962264150944,8.981132075471699,3.9245283018867925,3.5849056603773586,0.6226415094339622,0.18867924528301888,14.283018867924529,20.79245283018868,1.6037735849056605,6.283018867924528,7.150943396226415
153,8049,0.1,6.12,4.34,0.58,0.9,0.92,1.56,0.26,4.22,1.7,0.16,2.88,3.22,2.02,0.6,0.02,18.06,32.26,4.12,13.26,4.48
154,8049,0.001,15.142857142857142,0.0,0.7142857142857143,4.9523809523809526,8.428571428571429,0.0,1.0,3.0952380952380953,9.619047619047619,1.1904761904761905,4.571428571428571,3.9047619047619047,3.8095238095238093,0.0,0.0,2.8095238095238093,17.142857142857142,0.14285714285714285,1.8571428571428572,12.285714285714286
155,8051,1e-05,6.814814814814815,3.0,5.666666666666667,0.5555555555555556,4.148148148148148,4.185185185185185,4.851851851851852,1.0740740740740742,1.7407407407407407,3.740740740740741,5.666666666666667,3.3703703703703702,4.703703703703703,0.0,0.07407407407407407,0.5185185185185185,8.851851851851851,3.2222222222222223,4.592592592592593,6.037037037037037
156,8051,0.001,5.6415094339622645,1.3396226415094339,1.490566037735849,5.0,2.5660377358490565,1.7169811320754718,4.981132075471698,6.415094339622642,8.132075471698114,0.7924528301886793,6.622641509433962,3.056603773584906,3.0377358490566038,1.0566037735849056,0.018867924528301886,8.69811320754717,18.18867924528302,1.4528301886792452,8.075471698113208,18.41509433962264
157,8063,1e-07,5.346153846153846,2.6923076923076925,0.6153846153846154,2.3461538461538463,0.0,0.9615384615384616,11.192307692307692,2.6923076923076925,0.5384615384615384,0.9230769230769231,8.923076923076923,0.5,7.461538461538462,3.8461538461538463,0.0,0.4230769230769231,9.346153846153847,4.576923076923077,8.653846153846153,1.8846153846153846
158,8063,1e-05,0.05263157894736842,2.0526315789473686,0.7894736842105263,2.236842105263158,5.315789473684211,7.026315789473684,11.105263157894736,4.605263157894737,3.4473684210526314,3.1052631578947367,14.026315789473685,0.3684210526315789,6.815789473684211,5.552631578947368,3.1578947368421053,0.8947368421052632,8.368421052631579,1.605263157894737,5.2894736842105265,7.605263157894737
159,8077,1e-05,0.0,0.19607843137254902,1.8235294117647058,5.333333333333333,3.823529411764706,2.0980392156862746,1.803921568627451,4.568627450980392,3.156862745098039,2.803921568627451,5.921568627450981,0.47058823529411764,9.803921568627452,18.15686274509804,6.1568627450980395,0.6470588235294118,1.9215686274509804,2.1372549019607843,7.431372549019608,6.0
160,8077,0.001,1.018181818181818,0.12727272727272726,1.2727272727272727,13.018181818181818,7.763636363636364,6.836363636363636,11.472727272727273,1.1272727272727272,3.309090909090909,3.018181818181818,7.672727272727273,1.0727272727272728,11.909090909090908,15.636363636363637,12.654545454545454,0.01818181818181818,0.01818181818181818,0.12727272727272726,4.654545454545454,8.218181818181819
161,8078,0.001,2.8,0.475,0.7,1.25,6.75,1.8,3.0,4.65,13.475,3.65,3.625,6.55,3.15,2.075,0.15,0.075,2.75,0.75,2.1,32.125
162,8078,0.1,6.5,2.108695652173913,0.5217391304347826,2.0652173913043477,6.391304347826087,2.739130434782609,0.1956521739130435,6.413043478260869,8.717391304347826,2.0217391304347827,7.434782608695652,3.760869565217391,0.8478260869565217,0.021739130434782608,0.021739130434782608,2.0652173913043477,10.130434782608695,2.5652173913043477,2.0,23.456521739130434
163,1049,1e-05,0.2962962962962963,1.5555555555555556,6.0,1.2962962962962963,4.037037037037037,5.851851851851852,8.851851851851851,3.3333333333333335,5.222222222222222,3.3333333333333335,12.88888888888889,6.333333333333333,10.777777777777779,5.925925925925926,0.0,4.555555555555555,8.37037037037037,5.37037037037037,2.962962962962963,4.185185185185185
164,1049,1e-07,4.714285714285714,1.2380952380952381,4.380952380952381,2.380952380952381,0.0,3.6666666666666665,3.5714285714285716,0.3333333333333333,2.238095238095238,2.142857142857143,4.380952380952381,8.0,6.0476190476190474,6.285714285714286,0.0,0.0,9.904761904761905,6.666666666666667,3.3333333333333335,5.9523809523809526
165,8082,1e-05,6.0,4.833333333333333,3.1944444444444446,4.611111111111111,0.5,0.25,7.222222222222222,5.222222222222222,2.2777777777777777,2.3333333333333335,3.611111111111111,3.1944444444444446,3.25,2.6666666666666665,0.0,1.9722222222222223,12.25,2.4166666666666665,5.916666666666667,5.888888888888889
166,8082,0.001,1.4528301886792452,1.6226415094339623,1.4528301886792452,17.0188679245283,14.09433962264151,8.754716981132075,9.20754716981132,2.641509433962264,7.60377358490566,4.60377358490566,11.132075471698114,4.867924528301887,0.6226415094339622,2.056603773584906,6.660377358490566,0.39622641509433965,0.4716981132075472,0.5283018867924528,1.5471698113207548,11.075471698113208
167,9862,0.001,4.574074074074074,3.7222222222222223,2.074074074074074,3.074074074074074,5.407407407407407,2.388888888888889,2.8703703703703702,4.648148148148148,9.055555555555555,1.5,7.203703703703703,7.37037037037037,4.018518518518518,1.0185185185185186,0.018518518518518517,15.685185185185185,17.203703703703702,2.3703703703703702,6.203703703703703,19.814814814814813
168,9862,1e-05,7.416666666666667,5.0,4.027777777777778,0.027777777777777776,1.4722222222222223,1.4444444444444444,2.5277777777777777,4.694444444444445,4.166666666666667,2.861111111111111,5.333333333333333,0.9444444444444444,1.75,0.75,2.0555555555555554,1.1944444444444444,8.166666666666666,0.25,3.0,13.5
169,8091,1e-05,9.536585365853659,4.219512195121951,6.195121951219512,0.6341463414634146,0.4878048780487805,2.317073170731707,8.707317073170731,6.536585365853658,0.4634146341463415,3.6097560975609757,2.8780487804878048,1.7804878048780488,4.0,2.097560975609756,1.7073170731707317,6.975609756097561,12.341463414634147,2.4390243902439024,7.609756097560975,4.878048780487805
170,8091,0.001,7.681818181818182,2.3636363636363638,0.45454545454545453,0.045454545454545456,1.4090909090909092,0.045454545454545456,1.7727272727272727,8.363636363636363,3.6136363636363638,0.36363636363636365,8.454545454545455,2.4318181818181817,2.909090909090909,0.1590909090909091,0.09090909090909091,14.954545454545455,27.931818181818183,3.409090909090909,11.045454545454545,10.5
171,8093,1e-05,1.2413793103448276,2.0689655172413794,8.482758620689655,0.2413793103448276,0.3793103448275862,1.9655172413793103,6.137931034482759,4.862068965517241,1.6551724137931034,4.0,5.344827586206897,1.0689655172413792,2.1379310344827585,1.9310344827586208,0.034482758620689655,1.0,6.068965517241379,1.2413793103448276,2.4827586206896552,1.2413793103448276
172,8093,0.001,2.5,0.018518518518518517,1.037037037037037,2.074074074074074,4.055555555555555,1.0925925925925926,1.7407407407407407,3.7962962962962963,3.611111111111111,2.7037037037037037,6.277777777777778,2.9814814814814814,2.9444444444444446,0.8703703703703703,0.8333333333333334,10.814814814814815,21.59259259259259,0.5,8.185185185185185,12.925925925925926
173,8094,0.001,0.5272727272727272,0.43636363636363634,5.1454545454545455,11.781818181818181,6.2,9.145454545454545,9.745454545454546,5.2,6.472727272727273,7.763636363636364,10.054545454545455,1.2727272727272727,1.290909090909091,3.7454545454545456,2.2181818181818183,0.4727272727272727,1.2727272727272727,0.14545454545454545,0.6545454545454545,11.2
174,8094,1e-05,0.6530612244897959,1.0,4.183673469387755,6.183673469387755,8.938775510204081,9.26530612244898,9.061224489795919,4.612244897959184,6.224489795918367,4.6938775510204085,6.36734693877551,6.428571428571429,3.6122448979591835,3.877551020408163,2.7551020408163267,0.04081632653061224,2.2244897959183674,0.12244897959183673,2.0,13.387755102040817
175,8103,1e-05,6.074074074074074,11.74074074074074,0.6296296296296297,1.4444444444444444,0.7407407407407407,0.8888888888888888,11.25925925925926,0.07407407407407407,0.5185185185185185,4.7407407407407405,3.814814814814815,1.1851851851851851,1.5925925925925926,2.7037037037037037,0.8888888888888888,0.5185185185185185,7.037037037037037,3.6666666666666665,5.333333333333333,3.7037037037037037
176,8103,0.001,10.911111111111111,1.6666666666666667,4.044444444444444,5.5777777777777775,5.377777777777778,2.5555555555555554,7.644444444444445,2.7555555555555555,4.044444444444444,3.2,7.044444444444444,3.8,7.155555555555556,1.0,0.17777777777777778,3.3333333333333335,12.133333333333333,2.1777777777777776,2.6,11.066666666666666
177,8118,1e-05,7.513513513513513,2.5945945945945947,7.27027027027027,9.72972972972973,6.1891891891891895,5.45945945945946,7.864864864864865,4.4324324324324325,4.72972972972973,2.3783783783783785,7.8108108108108105,4.027027027027027,0.6756756756756757,2.675675675675676,2.5405405405405403,1.027027027027027,3.5945945945945947,0.5945945945945946,3.7837837837837838,7.72972972972973
178,8118,1e-07,0.3333333333333333,1.8333333333333333,1.3333333333333333,2.5833333333333335,0.5833333333333334,0.5833333333333334,12.333333333333334,1.3333333333333333,2.4166666666666665,1.25,4.083333333333333,2.8333333333333335,0.0,1.0,6.666666666666667,1.25,4.75,0.0,7.166666666666667,12.666666666666666
179,8122,0.001,0.047619047619047616,3.0,3.8095238095238093,6.380952380952381,5.380952380952381,2.619047619047619,7.0476190476190474,8.428571428571429,6.714285714285714,2.0476190476190474,14.523809523809524,0.6190476190476191,1.9047619047619047,1.380952380952381,0.047619047619047616,0.23809523809523808,4.095238095238095,0.3333333333333333,2.2857142857142856,10.238095238095237
180,8122,0.1,0.3023255813953488,2.0232558139534884,3.302325581395349,1.186046511627907,0.023255813953488372,3.488372093023256,6.744186046511628,9.093023255813954,0.4883720930232558,10.930232558139535,4.837209302325581,0.06976744186046512,2.8372093023255816,0.37209302325581395,3.2325581395348837,0.46511627906976744,8.13953488372093,4.883720930232558,7.046511627906977,5.441860465116279
181,356,0.1,2.7884615384615383,0.9038461538461539,0.8076923076923077,2.9423076923076925,4.403846153846154,0.5192307692307693,1.9615384615384615,3.8076923076923075,5.980769230769231,0.8076923076923077,4.3076923076923075,3.673076923076923,2.9038461538461537,1.7884615384615385,0.019230769230769232,6.423076923076923,19.98076923076923,1.3269230769230769,4.346153846153846,15.153846153846153
182,356,0.001,0.0625,0.0,0.5625,0.0,1.8125,3.4375,6.9375,1.5625,4.0,2.0625,4.8125,7.6875,2.0625,2.8125,0.0,0.0,8.5,0.0,0.0,9.6875
183,8125,0.001,2.1707317073170733,1.951219512195122,0.7317073170731707,3.1219512195121952,1.8780487804878048,2.2195121951219514,4.536585365853658,0.926829268292683,5.634146341463414,3.8048780487804876,9.926829268292684,6.975609756097561,4.829268292682927,3.975609756097561,0.8292682926829268,0.7073170731707317,3.6097560975609757,1.7560975609756098,6.341463414634147,12.292682926829269
184,8125,1e-05,2.9696969696969697,0.9090909090909091,3.8484848484848486,3.8484848484848486,2.1515151515151514,3.3636363636363638,11.0,3.787878787878788,4.636363636363637,4.333333333333333,5.151515151515151,5.424242424242424,3.3636363636363638,4.242424242424242,2.9696969696969697,4.878787878787879,6.96969696969697,4.121212121212121,4.666666666666667,10.424242424242424
185,8129,0.001,11.381818181818181,5.6,2.4545454545454546,2.618181818181818,9.909090909090908,2.709090909090909,4.781818181818182,5.7272727272727275,11.927272727272728,5.490909090909091,7.636363636363637,7.109090909090909,6.8545454545454545,1.0545454545454545,0.6363636363636364,8.381818181818181,13.8,0.8181818181818182,6.054545454545455,23.036363636363635
186,8129,1e-05,7.195121951219512,4.609756097560975,0.5121951219512195,2.341463414634146,1.8780487804878048,3.2439024390243905,3.3658536585365852,9.487804878048781,4.780487804878049,3.2439024390243905,5.804878048780488,3.8780487804878048,2.6341463414634148,1.2926829268292683,0.1951219512195122,10.463414634146341,13.365853658536585,2.682926829268293,4.219512195121951,14.292682926829269
187,14228,1e-05,4.105263157894737,2.4210526315789473,1.5789473684210527,0.42105263157894735,2.6315789473684212,10.105263157894736,1.0,6.947368421052632,2.473684210526316,2.4210526315789473,7.526315789473684,3.6315789473684212,4.421052631578948,3.8421052631578947,3.1578947368421053,0.7894736842105263,8.157894736842104,2.3684210526315788,0.3684210526315789,10.105263157894736
188,14228,0.001,11.642857142857142,10.142857142857142,2.7142857142857144,0.0,0.0,3.857142857142857,4.357142857142857,3.5714285714285716,4.571428571428571,0.21428571428571427,6.071428571428571,7.214285714285714,6.714285714285714,0.7142857142857143,0.0,8.928571428571429,14.571428571428571,0.0,1.5,1.7857142857142858
189,5368076,0.001,6.022222222222222,4.644444444444445,2.488888888888889,3.7111111111111112,0.5555555555555556,1.9111111111111112,5.5777777777777775,2.2666666666666666,5.311111111111111,3.4444444444444446,9.777777777777779,0.8222222222222222,2.2444444444444445,0.5333333333333333,0.1111111111111111,14.71111111111111,17.57777777777778,2.2666666666666666,8.177777777777777,10.2
190,5368076,1e-05,5.481481481481482,1.5925925925925926,1.2222222222222223,0.7407407407407407,0.037037037037037035,0.1111111111111111,3.6296296296296298,2.259259259259259,2.3333333333333335,0.48148148148148145,2.4814814814814814,5.111111111111111,2.0,2.074074074074074,0.48148148148148145,7.7407407407407405,5.888888888888889,0.14814814814814814,2.074074074074074,12.88888888888889
191,8137,0.001,8.692307692307692,6.961538461538462,1.25,0.46153846153846156,1.3653846153846154,1.1153846153846154,3.3461538461538463,5.038461538461538,0.7884615384615384,1.1923076923076923,6.615384615384615,3.75,1.7307692307692308,1.8653846153846154,0.019230769230769232,19.03846153846154,19.23076923076923,4.9423076923076925,14.884615384615385,4.480769230769231
192,8137,1e-05,6.384615384615385,9.807692307692308,2.519230769230769,2.8653846153846154,2.5,2.5384615384615383,3.1153846153846154,4.538461538461538,4.923076923076923,2.6923076923076925,5.5576923076923075,5.0,4.826923076923077,0.4230769230769231,0.5,13.076923076923077,11.615384615384615,2.423076923076923,6.6923076923076925,5.096153846153846
193,957,1e-05,6.0,0.4074074074074074,5.407407407407407,2.5555555555555554,5.0,2.5185185185185186,4.185185185185185,8.037037037037036,3.2962962962962963,2.3333333333333335,5.037037037037037,0.07407407407407407,7.37037037037037,1.6666666666666667,0.3333333333333333,6.888888888888889,9.88888888888889,0.6666666666666666,3.8518518518518516,12.037037037037036
194,957,0.001,3.8703703703703702,2.9444444444444446,2.2777777777777777,1.5555555555555556,6.7407407407407405,1.0740740740740742,9.61111111111111,1.1666666666666667,7.944444444444445,5.407407407407407,7.351851851851852,8.166666666666666,2.9814814814814814,0.2962962962962963,0.037037037037037035,4.962962962962963,9.61111111111111,0.037037037037037035,2.1296296296296298,16.0
195,14257,0.1,1.836734693877551,2.8979591836734695,5.204081632653061,5.489795918367347,2.2653061224489797,1.9591836734693877,8.89795918367347,2.0,5.26530612244898,8.83673469387755,7.061224489795919,1.3061224489795917,1.6734693877551021,1.6326530612244898,0.0,0.40816326530612246,1.0,0.6530612244897959,0.0,15.224489795918368
196,14257,0.001,4.25,2.5,5.458333333333333,0.0,0.0,1.9166666666666667,7.625,4.541666666666667,0.4583333333333333,2.75,2.0833333333333335,0.125,5.208333333333333,0.3333333333333333,0.0,0.0,5.208333333333333,6.958333333333333,9.958333333333334,7.083333333333333
197,8159,0.1,8.38888888888889,2.2962962962962963,0.7592592592592593,4.814814814814815,8.61111111111111,2.574074074074074,2.4074074074074074,1.8703703703703705,8.61111111111111,2.8333333333333335,6.888888888888889,7.7592592592592595,3.4814814814814814,2.1666666666666665,0.25925925925925924,12.5,23.0,0.46296296296296297,5.648148148148148,26.296296296296298
198,8159,0.001,11.432432432432432,3.945945945945946,0.5675675675675675,0.6216216216216216,0.05405405405405406,1.162162162162162,1.6216216216216217,4.945945945945946,2.810810810810811,1.6486486486486487,5.081081081081081,5.351351351351352,0.7027027027027027,2.1621621621621623,0.05405405405405406,15.45945945945946,30.243243243243242,2.7837837837837838,10.405405405405405,9.91891891891892
199,8163,0.001,8.0,4.333333333333333,1.1944444444444444,4.0,0.08333333333333333,4.305555555555555,6.194444444444445,2.9166666666666665,0.6944444444444444,0.9444444444444444,6.638888888888889,3.638888888888889,8.61111111111111,0.4444444444444444,1.9166666666666667,1.0555555555555556,9.944444444444445,1.3611111111111112,8.222222222222221,5.611111111111111
200,8163,0.1,6.471698113207547,2.981132075471698,1.169811320754717,1.849056603773585,7.415094339622642,2.452830188679245,7.377358490566038,4.584905660377358,9.660377358490566,3.2452830188679247,7.69811320754717,6.773584905660377,6.09433962264151,2.018867924528302,0.7924528301886793,6.981132075471698,13.60377358490566,0.018867924528301886,7.90566037735849,16.22641509433962
201,14286,0.001,0.2909090909090909,0.6545454545454545,5.545454545454546,0.6727272727272727,1.4363636363636363,2.1636363636363636,4.8545454545454545,6.363636363636363,0.9454545454545454,4.872727272727273,2.381818181818182,3.109090909090909,10.345454545454546,1.9272727272727272,0.21818181818181817,0.01818181818181818,5.236363636363636,12.981818181818182,22.818181818181817,2.0727272727272728
202,14286,1e-05,0.25925925925925924,2.4074074074074074,3.814814814814815,3.111111111111111,1.537037037037037,3.611111111111111,8.555555555555555,10.722222222222221,1.8148148148148149,10.38888888888889,4.888888888888889,0.05555555555555555,10.518518518518519,5.611111111111111,0.5370370370370371,0.14814814814814814,6.074074074074074,11.12962962962963,17.62962962962963,6.0
203,8174,1e-05,5.571428571428571,3.5714285714285716,3.107142857142857,1.3214285714285714,4.607142857142857,1.3214285714285714,4.607142857142857,2.357142857142857,4.428571428571429,1.8928571428571428,7.535714285714286,7.357142857142857,7.357142857142857,2.3214285714285716,2.1785714285714284,3.1785714285714284,9.071428571428571,0.0,0.10714285714285714,7.107142857142857
204,8174,0.001,3.1372549019607843,2.156862745098039,2.411764705882353,2.196078431372549,9.019607843137255,1.0784313725490196,3.7058823529411766,1.9607843137254901,11.470588235294118,0.9607843137254902,6.254901960784314,6.313725490196078,0.803921568627451,1.7450980392156863,0.0392156862745098,1.6666666666666667,7.078431372549019,0.0392156862745098,0.4117647058823529,20.45098039215686
205,8175,0.001,1.574468085106383,0.02127659574468085,2.702127659574468,3.25531914893617,2.5531914893617023,6.148936170212766,10.787234042553191,2.297872340425532,3.148936170212766,3.3191489361702127,9.53191489361702,2.765957446808511,6.127659574468085,3.127659574468085,1.5957446808510638,0.02127659574468085,1.297872340425532,0.7659574468085106,0.2765957446808511,17.085106382978722
206,8175,0.1,0.6296296296296297,0.9814814814814815,4.2592592592592595,1.5,4.351851851851852,2.0185185185185186,3.9814814814814814,3.5925925925925926,7.648148148148148,5.62962962962963,7.074074074074074,3.425925925925926,1.0925925925925926,1.1481481481481481,1.0555555555555556,1.7592592592592593,3.185185185185185,0.9259259259259259,1.8148148148148149,21.01851851851852
207,8180,0.001,0.0,0.0,3.5510204081632653,4.1020408163265305,1.6122448979591837,4.8979591836734695,12.326530612244898,0.46938775510204084,5.448979591836735,5.020408163265306,8.959183673469388,3.204081632653061,3.693877551020408,3.306122448979592,0.9183673469387755,0.4897959183673469,1.653061224489796,1.836734693877551,2.938775510204082,15.346938775510203
208,8180,0.1,0.9814814814814815,0.2777777777777778,5.87037037037037,3.037037037037037,11.25925925925926,6.537037037037037,17.925925925925927,4.074074074074074,10.296296296296296,5.12962962962963,10.24074074074074,2.0555555555555554,4.037037037037037,3.3518518518518516,0.2777777777777778,0.6111111111111112,2.1666666666666665,0.018518518518518517,0.4074074074074074,22.01851851851852
209,14296,0.001,5.206896551724138,0.4482758620689655,3.793103448275862,0.3793103448275862,3.3448275862068964,5.551724137931035,5.655172413793103,4.137931034482759,1.3793103448275863,4.758620689655173,7.827586206896552,4.482758620689655,4.586206896551724,4.241379310344827,1.793103448275862,5.068965517241379,5.9655172413793105,0.7931034482758621,6.896551724137931,6.241379310344827
210,14296,0.1,2.018181818181818,3.7454545454545456,2.1272727272727274,3.963636363636364,8.6,2.8181818181818183,10.527272727272727,6.6,6.818181818181818,6.4,10.527272727272727,2.4909090909090907,3.8545454545454545,1.690909090909091,0.6727272727272727,3.1818181818181817,9.127272727272727,3.109090909090909,4.781818181818182,14.018181818181818
211,8184,0.1,4.849056603773585,2.0,1.0566037735849056,2.0377358490566038,7.849056603773585,4.3584905660377355,4.226415094339623,2.1320754716981134,6.735849056603773,0.6037735849056604,2.7735849056603774,5.90566037735849,1.0566037735849056,0.03773584905660377,0.018867924528301886,3.5283018867924527,8.528301886792454,0.018867924528301886,0.03773584905660377,21.71698113207547
212,8184,0.001,5.9787234042553195,2.6808510638297873,1.2127659574468086,3.595744680851064,6.0,2.8297872340425534,5.1063829787234045,2.723404255319149,5.212765957446808,0.6595744680851063,3.234042553191489,4.468085106382978,2.851063829787234,1.851063829787234,0.0851063829787234,0.9787234042553191,7.340425531914893,0.6170212765957447,0.19148936170212766,10.53191489361702
213,8186,1e-05,12.842105263157896,5.947368421052632,0.0,0.9473684210526315,1.105263157894737,4.368421052631579,5.421052631578948,6.631578947368421,1.1578947368421053,2.1052631578947367,1.631578947368421,1.5789473684210527,6.947368421052632,5.2631578947368425,0.0,3.6842105263157894,6.421052631578948,2.8947368421052633,2.8421052631578947,5.7894736842105265
214,8186,0.001,5.16,0.38,4.8,5.62,4.18,8.06,5.44,4.92,5.2,5.7,6.26,3.3,2.72,2.16,0.46,3.9,4.0,0.0,2.92,16.52
215,62374,1e-05,2.59375,1.0,4.59375,3.15625,2.71875,0.5,4.15625,5.125,3.125,0.375,4.0,2.1875,0.65625,2.34375,0.03125,0.03125,8.84375,0.15625,6.0625,10.1875
216,62374,0.001,4.551020408163265,3.8979591836734695,4.857142857142857,3.3469387755102042,2.877551020408163,2.7346938775510203,8.122448979591837,1.8979591836734695,4.775510204081633,0.9387755102040817,7.387755102040816,3.5918367346938775,4.469387755102041,0.9795918367346939,1.0204081632653061,2.489795918367347,8.040816326530612,0.02040816326530612,3.1020408163265305,11.73469387755102
217,8193,0.001,2.5714285714285716,2.9047619047619047,5.476190476190476,0.9047619047619048,3.0476190476190474,3.0952380952380953,4.666666666666667,4.0,2.2857142857142856,7.238095238095238,3.4761904761904763,3.142857142857143,2.3333333333333335,4.523809523809524,4.095238095238095,1.0476190476190477,4.809523809523809,1.0,1.5714285714285714,6.238095238095238
218,8193,0.1,6.5,6.434782608695652,2.5217391304347827,3.717391304347826,6.326086956521739,2.3260869565217392,7.673913043478261,4.869565217391305,8.782608695652174,1.434782608695652,4.608695652173913,5.021739130434782,4.521739130434782,1.108695652173913,0.782608695652174,3.130434782608696,6.956521739130435,0.021739130434782608,0.43478260869565216,15.23913043478261
219,62375,1e-05,2.8947368421052633,1.4736842105263157,3.263157894736842,0.9210526315789473,1.868421052631579,5.842105263157895,3.8947368421052633,5.973684210526316,1.9210526315789473,4.131578947368421,6.2368421052631575,3.3947368421052633,2.973684210526316,1.131578947368421,0.0,0.2894736842105263,7.7631578947368425,3.0789473684210527,2.4473684210526314,8.131578947368421
220,62375,0.001,2.9074074074074074,2.2037037037037037,1.2777777777777777,2.2777777777777777,6.833333333333333,2.1296296296296298,4.555555555555555,4.425925925925926,11.092592592592593,3.074074074074074,9.11111111111111,5.796296296296297,4.777777777777778,3.740740740740741,0.9629629629629629,1.9444444444444444,5.111111111111111,0.07407407407407407,2.425925925925926,22.25925925925926
221,8205,1e-05,5.153846153846154,0.6923076923076923,3.1538461538461537,3.269230769230769,1.8461538461538463,3.3076923076923075,4.769230769230769,2.076923076923077,3.576923076923077,2.5384615384615383,3.6153846153846154,3.3846153846153846,5.884615384615385,2.076923076923077,1.1153846153846154,0.0,7.538461538461538,0.11538461538461539,5.923076923076923,3.423076923076923
222,8205,0.001,6.636363636363637,0.0,3.9393939393939394,2.8484848484848486,3.4545454545454546,2.727272727272727,5.454545454545454,3.4545454545454546,2.9393939393939394,6.575757575757576,5.363636363636363,4.393939393939394,3.1818181818181817,1.7272727272727273,0.0,0.8484848484848485,5.96969696969697,2.5757575757575757,2.727272727272727,3.484848484848485
223,62378,0.001,8.320754716981131,4.716981132075472,1.3584905660377358,1.8867924528301887,3.6792452830188678,1.7169811320754718,4.886792452830188,4.754716981132075,3.339622641509434,5.735849056603773,3.018867924528302,3.943396226415094,7.754716981132075,1.490566037735849,0.03773584905660377,3.207547169811321,9.528301886792454,0.0,7.245283018867925,10.830188679245284
224,62378,1e-05,5.756756756756757,4.756756756756757,0.16216216216216217,1.864864864864865,5.27027027027027,2.0,5.243243243243243,2.135135135135135,2.72972972972973,1.5675675675675675,5.405405405405405,2.189189189189189,3.5945945945945947,0.0,0.0,6.216216216216216,8.243243243243244,5.513513513513513,11.675675675675675,9.675675675675675
225,14328,0.1,1.1296296296296295,0.18518518518518517,8.518518518518519,4.462962962962963,7.296296296296297,3.7777777777777777,9.61111111111111,6.648148148148148,4.2407407407407405,7.666666666666667,8.055555555555555,0.2222222222222222,5.018518518518518,2.759259259259259,0.6666666666666666,1.3703703703703705,8.444444444444445,3.074074074074074,5.444444444444445,11.75925925925926
226,14328,0.001,9.62962962962963,4.888888888888889,2.6296296296296298,4.962962962962963,5.518518518518518,5.074074074074074,9.037037037037036,3.3333333333333335,0.5555555555555556,7.296296296296297,5.962962962962963,3.8518518518518516,4.148148148148148,4.666666666666667,2.5555555555555554,0.037037037037037035,8.296296296296296,4.851851851851852,5.555555555555555,11.0
227,8294,1e-05,4.95,1.95,7.45,9.5,4.1,1.3,4.4,2.15,2.15,4.75,12.9,1.55,3.65,2.8,2.35,0.0,6.95,0.8,1.4,8.85
228,8294,0.001,6.085714285714285,7.742857142857143,3.742857142857143,1.8571428571428572,0.8571428571428571,4.142857142857143,4.085714285714285,1.8,3.142857142857143,2.085714285714286,8.142857142857142,2.1142857142857143,2.8857142857142857,2.7142857142857144,1.2,5.142857142857143,6.6,0.0,2.742857142857143,5.571428571428571
229,8363,0.001,9.558823529411764,1.588235294117647,0.8823529411764706,3.0588235294117645,5.5588235294117645,3.823529411764706,5.147058823529412,3.7941176470588234,3.4411764705882355,2.2941176470588234,7.882352941176471,6.117647058823529,5.529411764705882,1.8823529411764706,0.0,1.411764705882353,12.264705882352942,3.5588235294117645,1.2058823529411764,13.411764705882353
230,8363,0.1,12.08108108108108,6.756756756756757,2.5405405405405403,0.7567567567567568,3.027027027027027,2.4054054054054053,5.918918918918919,1.864864864864865,2.918918918918919,1.7297297297297298,7.54054054054054,1.6216216216216217,5.891891891891892,2.7027027027027026,1.0,0.05405405405405406,8.18918918918919,0.02702702702702703,2.810810810810811,8.108108108108109
231,8375,0.001,0.4909090909090909,0.07272727272727272,2.2181818181818183,2.3454545454545452,6.2727272727272725,2.2363636363636363,7.781818181818182,6.890909090909091,11.381818181818181,6.709090909090909,6.418181818181818,3.7454545454545456,4.381818181818182,0.18181818181818182,0.01818181818181818,1.6545454545454545,5.781818181818182,1.018181818181818,1.1818181818181819,25.636363636363637
232,8375,1e-05,2.693877551020408,1.346938775510204,1.6326530612244898,1.7142857142857142,6.122448979591836,3.510204081632653,6.530612244897959,4.244897959183674,4.959183673469388,3.8979591836734695,3.6530612244897958,2.4081632653061225,1.8571428571428572,2.9591836734693877,1.3673469387755102,0.30612244897959184,2.2244897959183674,0.0,0.42857142857142855,20.816326530612244
233,14491,1e-07,4.153846153846154,0.23076923076923078,4.115384615384615,0.0,1.8076923076923077,7.3076923076923075,6.153846153846154,2.3461538461538463,0.07692307692307693,4.615384615384615,4.615384615384615,3.1923076923076925,10.576923076923077,0.7307692307692307,0.11538461538461539,3.3076923076923075,4.6923076923076925,2.5384615384615383,9.576923076923077,7.884615384615385
234,14491,1e-05,0.8703703703703703,1.8518518518518519,2.0925925925925926,8.648148148148149,1.537037037037037,4.055555555555555,7.962962962962963,4.37037037037037,6.962962962962963,18.62962962962963,5.851851851851852,2.611111111111111,4.037037037037037,6.0,2.0555555555555554,0.018518518518518517,0.2962962962962963,3.740740740740741,7.444444444444445,7.7592592592592595
235,4133,0.001,6.0181818181818185,2.018181818181818,0.2545454545454545,1.4545454545454546,2.5636363636363635,0.7818181818181819,0.14545454545454545,5.490909090909091,3.381818181818182,0.8727272727272727,3.0545454545454547,6.909090909090909,7.072727272727272,0.01818181818181818,0.01818181818181818,2.727272727272727,19.818181818181817,1.0,11.090909090909092,15.072727272727272
236,4133,1e-05,12.090909090909092,1.2727272727272727,0.0,3.8636363636363638,1.7727272727272727,0.0,7.7272727272727275,0.8181818181818182,0.5454545454545454,0.09090909090909091,5.545454545454546,4.545454545454546,4.090909090909091,2.0454545454545454,0.0,2.272727272727273,9.363636363636363,2.6363636363636362,2.8181818181818183,7.5
237,14514,0.001,4.7407407407407405,0.5555555555555556,1.6481481481481481,4.407407407407407,5.666666666666667,2.685185185185185,9.851851851851851,6.018518518518518,10.185185185185185,8.425925925925926,8.703703703703704,2.574074074074074,1.2592592592592593,2.537037037037037,2.037037037037037,1.1666666666666667,7.648148148148148,2.1296296296296298,2.1296296296296298,25.296296296296298
238,14514,1e-05,3.9,3.8333333333333335,1.1666666666666667,0.23333333333333334,2.933333333333333,1.1,10.166666666666666,1.2,6.833333333333333,2.9,7.933333333333334,0.7666666666666667,1.7666666666666666,2.9,1.5666666666666667,0.03333333333333333,3.466666666666667,3.2666666666666666,6.4,3.3
239,3102,0.001,10.166666666666666,0.6111111111111112,0.9722222222222222,0.4166666666666667,0.3333333333333333,1.7777777777777777,1.1388888888888888,5.805555555555555,5.75,2.5277777777777777,1.75,5.583333333333333,7.388888888888889,0.6944444444444444,1.5,4.416666666666667,11.444444444444445,0.027777777777777776,2.611111111111111,17.194444444444443
240,3102,0.1,2.830188679245283,0.3018867924528302,5.547169811320755,3.3207547169811322,5.264150943396227,1.0566037735849056,3.339622641509434,4.226415094339623,14.584905660377359,9.49056603773585,3.792452830188679,6.9245283018867925,1.6603773584905661,0.4716981132075472,0.33962264150943394,3.2641509433962264,4.320754716981132,1.5471698113207548,0.7358490566037735,26.41509433962264
241,660,0.001,6.5636363636363635,2.0545454545454547,3.0,1.6363636363636365,2.327272727272727,0.9090909090909091,5.2727272727272725,8.472727272727273,3.4363636363636365,2.618181818181818,4.218181818181818,5.0,10.50909090909091,0.01818181818181818,0.01818181818181818,4.581818181818182,23.236363636363638,7.109090909090909,9.418181818181818,8.909090909090908
242,660,1e-05,8.681818181818182,3.0454545454545454,3.4318181818181817,0.20454545454545456,2.6363636363636362,0.7272727272727273,4.75,6.931818181818182,4.4772727272727275,3.9545454545454546,1.8181818181818181,0.7954545454545454,4.886363636363637,0.3181818181818182,0.36363636363636365,2.0454545454545454,11.659090909090908,13.181818181818182,9.181818181818182,4.0227272727272725
243,8419,0.001,4.975609756097561,7.317073170731708,3.1707317073170733,0.2682926829268293,0.8780487804878049,0.24390243902439024,5.682926829268292,3.048780487804878,1.5365853658536586,3.682926829268293,2.4634146341463414,1.853658536585366,7.0,1.2682926829268293,0.024390243902439025,0.8536585365853658,21.24390243902439,5.804878048780488,6.341463414634147,2.3902439024390243
244,8419,0.1,4.537037037037037,3.0555555555555554,1.2222222222222223,1.6851851851851851,0.4444444444444444,0.35185185185185186,0.018518518518518517,8.722222222222221,0.8703703703703703,3.740740740740741,1.3518518518518519,2.074074074074074,6.074074074074074,0.0,0.0,5.314814814814815,28.555555555555557,19.87037037037037,20.925925925925927,5.092592592592593
245,6114390,0.001,15.727272727272727,1.3818181818181818,4.236363636363636,0.6909090909090909,8.236363636363636,1.1090909090909091,4.090909090909091,11.981818181818182,1.9636363636363636,3.9272727272727272,1.8363636363636364,2.5454545454545454,13.127272727272727,0.6545454545454545,0.45454545454545453,5.254545454545455,20.98181818181818,6.2,8.2,8.709090909090909
246,6114390,1e-05,7.0,2.163265306122449,1.0408163265306123,0.7959183673469388,4.673469387755102,2.510204081632653,8.306122448979592,5.63265306122449,2.795918367346939,4.1020408163265305,3.183673469387755,2.6122448979591835,10.142857142857142,0.0,1.4081632653061225,1.510204081632653,15.020408163265307,8.918367346938776,8.83673469387755,3.2857142857142856
247,61048,0.1,6.111111111111111,2.7222222222222223,2.2037037037037037,2.888888888888889,2.925925925925926,1.3703703703703705,2.8703703703703702,2.6481481481481484,6.166666666666667,5.203703703703703,6.166666666666667,1.5,8.833333333333334,0.5185185185185185,0.16666666666666666,12.0,19.666666666666668,2.037037037037037,8.166666666666666,17.425925925925927
248,61048,0.001,4.361111111111111,4.111111111111111,1.6111111111111112,1.8333333333333333,4.333333333333333,0.4444444444444444,1.9444444444444444,8.277777777777779,6.777777777777778,5.694444444444445,4.25,10.86111111111111,4.777777777777778,0.8888888888888888,0.0,3.9166666666666665,9.416666666666666,0.0,4.083333333333333,14.5
249,2345,0.1,10.448979591836734,1.6326530612244898,2.5510204081632653,1.6326530612244898,3.306122448979592,1.346938775510204,10.755102040816327,4.3061224489795915,1.8571428571428572,2.693877551020408,4.755102040816326,6.244897959183674,2.9591836734693877,0.9795918367346939,2.2244897959183674,4.73469387755102,10.448979591836734,0.02040816326530612,1.469387755102041,16.857142857142858
250,2345,0.001,0.24,0.08,0.92,3.64,2.8,1.08,2.68,7.24,3.28,2.68,9.4,4.68,0.4,2.52,0.48,0.04,4.52,1.56,0.68,10.84
251,8438,0.001,9.931818181818182,1.4545454545454546,0.25,1.2272727272727273,1.2727272727272727,0.1590909090909091,2.3181818181818183,8.704545454545455,3.409090909090909,2.0,4.795454545454546,4.181818181818182,6.613636363636363,0.8181818181818182,1.1136363636363635,9.068181818181818,22.227272727272727,8.590909090909092,15.613636363636363,5.204545454545454
252,8438,0.1,6.851851851851852,0.7222222222222222,1.1851851851851851,0.018518518518518517,0.25925925925925924,0.6296296296296297,2.537037037037037,9.962962962962964,1.5,2.7222222222222223,1.6296296296296295,1.962962962962963,5.2407407407407405,0.018518518518518517,0.018518518518518517,10.333333333333334,29.25925925925926,13.62962962962963,12.62962962962963,10.944444444444445
253,637796,1e-05,0.19047619047619047,8.142857142857142,0.9047619047619048,0.7619047619047619,0.2857142857142857,1.0,5.857142857142857,0.6190476190476191,1.0476190476190477,1.0952380952380953,5.238095238095238,0.3333333333333333,2.761904761904762,2.380952380952381,0.6666666666666666,3.238095238095238,5.523809523809524,1.7619047619047619,1.9523809523809523,0.047619047619047616
254,637796,0.001,4.6,0.64,1.9,0.46,2.02,0.86,2.86,4.16,1.62,3.04,3.76,7.22,18.16,0.82,0.54,1.88,20.18,4.8,13.34,7.32
255,8452,0.1,0.36363636363636365,0.4909090909090909,1.3636363636363635,2.418181818181818,4.5636363636363635,3.2,9.963636363636363,1.490909090909091,18.236363636363638,5.345454545454546,3.727272727272727,2.4,1.5454545454545454,0.12727272727272726,0.2545454545454545,1.7454545454545454,1.8727272727272728,1.6,2.0545454545454547,25.10909090909091
256,8452,0.001,2.234042553191489,2.702127659574468,0.8723404255319149,2.6382978723404253,8.702127659574469,4.23404255319149,7.340425531914893,1.7446808510638299,7.340425531914893,1.3617021276595744,14.957446808510639,4.170212765957447,3.723404255319149,0.9361702127659575,0.6808510638297872,0.574468085106383,3.127659574468085,0.0,1.2553191489361701,12.446808510638299
257,8467,0.1,6.4,0.07272727272727272,0.8,0.03636363636363636,0.6909090909090909,0.01818181818181818,1.981818181818182,11.309090909090909,1.690909090909091,0.7454545454545455,2.1818181818181817,0.03636363636363636,1.509090909090909,0.21818181818181817,0.01818181818181818,4.454545454545454,32.58181818181818,22.327272727272728,28.618181818181817,1.1636363636363636
258,8467,0.001,4.685185185185185,0.018518518518518517,0.42592592592592593,0.46296296296296297,0.018518518518518517,0.018518518518518517,0.3333333333333333,12.518518518518519,0.018518518518518517,4.833333333333333,0.5555555555555556,1.4814814814814814,7.055555555555555,0.6296296296296297,0.018518518518518517,4.222222222222222,26.574074074074073,18.833333333333332,30.59259259259259,3.8518518518518516
259,1183,0.001,4.037037037037037,0.6111111111111112,0.018518518518518517,0.037037037037037035,0.037037037037037035,0.037037037037037035,0.6481481481481481,12.981481481481481,0.42592592592592593,1.2592592592592593,0.42592592592592593,0.37037037037037035,2.2037037037037037,0.018518518518518517,0.018518518518518517,5.666666666666667,32.870370370370374,24.944444444444443,32.351851851851855,3.7777777777777777
260,1183,0.1,1.9245283018867925,0.5471698113207547,0.9056603773584906,0.018867924528301886,0.018867924528301886,0.018867924528301886,0.4528301886792453,14.981132075471699,0.018867924528301886,1.320754716981132,0.07547169811320754,0.7924528301886793,4.566037735849057,0.018867924528301886,0.018867924528301886,3.849056603773585,38.37735849056604,19.49056603773585,22.547169811320753,0.5660377358490566
261,8468,0.001,1.9393939393939394,2.515151515151515,1.7575757575757576,2.3636363636363638,1.303030303030303,4.878787878787879,8.575757575757576,3.1818181818181817,4.545454545454546,5.696969696969697,8.272727272727273,5.606060606060606,4.393939393939394,0.5757575757575758,0.12121212121212122,2.4545454545454546,5.424242424242424,1.8484848484848484,2.484848484848485,7.0606060606060606
262,8468,0.1,6.02,1.1,3.26,1.2,0.22,1.12,5.08,10.9,3.98,3.74,1.7,1.56,3.14,0.34,0.02,2.78,14.86,6.84,5.96,8.0
263,326,0.001,3.1020408163265305,1.7551020408163265,3.2448979591836733,0.7346938775510204,0.9591836734693877,0.10204081632653061,6.122448979591836,10.693877551020408,1.1224489795918366,4.081632653061225,5.224489795918367,0.08163265306122448,11.081632653061224,4.6938775510204085,2.306122448979592,0.7551020408163265,3.63265306122449,3.5714285714285716,20.857142857142858,4.816326530612245
264,326,1e-05,6.851851851851852,1.5185185185185186,2.740740740740741,0.37037037037037035,0.07407407407407407,0.6296296296296297,4.925925925925926,1.7777777777777777,1.8148148148148149,0.1111111111111111,3.2222222222222223,1.8518518518518519,2.6296296296296298,2.925925925925926,0.037037037037037035,2.259259259259259,11.962962962962964,0.7777777777777778,3.037037037037037,1.1851851851851851
265,31209,0.001,1.2653061224489797,5.020408163265306,2.938775510204082,3.7755102040816326,4.244897959183674,10.918367346938776,13.510204081632653,5.285714285714286,3.142857142857143,4.551020408163265,9.346938775510203,3.4285714285714284,2.4285714285714284,2.0,0.40816326530612246,2.3877551020408165,5.816326530612245,1.5510204081632653,1.8979591836734695,18.306122448979593
266,31209,0.1,5.0576923076923075,2.019230769230769,3.3461538461538463,3.326923076923077,5.0,4.903846153846154,10.923076923076923,4.076923076923077,4.346153846153846,4.4423076923076925,5.673076923076923,5.673076923076923,3.230769230769231,1.3076923076923077,0.6923076923076923,7.788461538461538,8.865384615384615,0.019230769230769232,1.0,11.403846153846153
267,31210,0.001,5.777777777777778,2.314814814814815,0.8148148148148148,1.9444444444444444,8.185185185185185,2.5,8.351851851851851,4.796296296296297,5.185185185185185,4.185185185185185,5.333333333333333,2.685185185185185,6.703703703703703,2.5925925925925926,0.07407407407407407,3.814814814814815,12.944444444444445,2.2962962962962963,3.2222222222222223,7.944444444444445
268,31210,1e-05,0.11538461538461539,1.3846153846153846,4.038461538461538,0.15384615384615385,2.0,2.269230769230769,10.115384615384615,4.576923076923077,1.2692307692307692,1.1923076923076923,1.0769230769230769,3.1923076923076925,3.9615384615384617,5.384615384615385,0.46153846153846156,0.0,11.384615384615385,3.5384615384615383,8.076923076923077,7.461538461538462
269,31219,0.001,8.083333333333334,0.7083333333333334,1.0625,1.8958333333333333,1.2291666666666667,0.0,1.6875,4.770833333333333,3.6875,0.3125,1.4583333333333333,5.9375,2.5416666666666665,0.0,0.0,14.645833333333334,27.625,0.9791666666666666,9.8125,6.645833333333333
270,31219,1e-05,1.826086956521739,1.0434782608695652,0.9565217391304348,1.7391304347826086,7.608695652173913,7.391304347826087,8.043478260869565,7.782608695652174,4.565217391304348,0.30434782608695654,3.130434782608696,0.34782608695652173,6.956521739130435,1.4782608695652173,0.0,3.4347826086956523,10.08695652173913,2.347826086956522,6.304347826086956,5.913043478260869
271,778574,0.1,5.716981132075472,2.0377358490566038,1.471698113207547,4.773584905660377,3.2830188679245285,4.509433962264151,9.60377358490566,4.849056603773585,6.056603773584905,3.6037735849056602,9.452830188679245,2.169811320754717,5.6415094339622645,0.9433962264150944,0.09433962264150944,4.69811320754717,10.09433962264151,1.9433962264150944,6.547169811320755,11.377358490566039
272,778574,0.001,3.55,0.8,2.675,0.95,1.075,2.7,4.95,3.675,4.75,3.775,3.5,5.7,2.825,4.325,1.45,9.525,12.45,2.925,10.975,5.9
273,31225,1e-05,11.512195121951219,4.2682926829268295,4.487804878048781,3.7804878048780486,3.1707317073170733,5.073170731707317,8.21951219512195,3.926829268292683,1.5853658536585367,5.585365853658536,6.853658536585366,0.43902439024390244,3.2195121951219514,3.3902439024390243,2.2195121951219514,1.0731707317073171,8.585365853658537,1.2682926829268293,2.975609756097561,4.902439024390244
274,31225,0.001,13.577777777777778,1.4,3.4444444444444446,0.5555555555555556,0.8222222222222222,5.444444444444445,4.6,4.0,4.644444444444445,1.4444444444444444,4.4,0.7111111111111111,2.466666666666667,0.5555555555555556,0.0,2.7333333333333334,13.822222222222223,1.0222222222222221,5.088888888888889,13.666666666666666
275,61052,1e-05,5.666666666666667,3.2962962962962963,1.5925925925925926,3.5555555555555554,2.962962962962963,9.185185185185185,11.777777777777779,10.925925925925926,2.3333333333333335,3.0,5.333333333333333,0.0,1.5185185185185186,4.814814814814815,0.0,4.7407407407407405,12.666666666666666,7.814814814814815,6.777777777777778,6.518518518518518
276,61052,0.001,4.446808510638298,0.2978723404255319,1.9574468085106382,4.914893617021277,11.51063829787234,8.46808510638298,12.191489361702128,3.9574468085106385,4.468085106382978,6.127659574468085,10.106382978723405,0.6595744680851063,5.851063829787234,0.0851063829787234,0.0425531914893617,5.170212765957447,5.638297872340425,3.276595744680851,1.9574468085106382,10.914893617021276
277,31234,0.001,8.891304347826088,0.8478260869565217,2.652173913043478,0.41304347826086957,3.260869565217391,0.6086956521739131,5.8478260869565215,4.326086956521739,3.891304347826087,0.8260869565217391,6.413043478260869,3.3260869565217392,7.913043478260869,0.8043478260869565,0.0,3.217391304347826,16.630434782608695,3.847826086956522,9.043478260869565,4.304347826086956
278,31234,1e-05,6.659090909090909,2.75,3.1818181818181817,2.977272727272727,7.4772727272727275,3.6136363636363638,7.818181818181818,2.7045454545454546,3.477272727272727,4.068181818181818,4.7272727272727275,1.1590909090909092,5.340909090909091,1.1590909090909092,0.0,1.6363636363636365,7.840909090909091,1.8863636363636365,4.818181818181818,4.5227272727272725
279,126,0.001,5.216216216216216,1.6486486486486487,0.21621621621621623,3.4594594594594597,3.2162162162162162,1.027027027027027,4.702702702702703,5.27027027027027,5.351351351351352,1.135135135135135,2.3513513513513513,5.8108108108108105,4.5675675675675675,2.324324324324324,0.0,2.135135135135135,15.432432432432432,0.3783783783783784,6.216216216216216,11.405405405405405
280,126,0.1,7.153846153846154,1.1923076923076923,1.1153846153846154,4.403846153846154,1.4230769230769231,1.5384615384615385,4.923076923076923,1.0576923076923077,2.519230769230769,1.4615384615384615,6.923076923076923,1.2884615384615385,2.3461538461538463,0.25,0.4807692307692308,3.6153846153846154,14.211538461538462,0.7115384615384616,1.7884615384615385,12.115384615384615
281,31244,0.001,5.622641509433962,6.6415094339622645,0.5094339622641509,0.16981132075471697,3.7735849056603774,3.0754716981132075,4.452830188679245,3.811320754716981,2.9245283018867925,1.9056603773584906,2.452830188679245,3.6792452830188678,3.0377358490566038,0.0,0.0,7.981132075471698,23.547169811320753,3.9056603773584904,8.471698113207546,13.566037735849056
282,31244,1e-05,8.893617021276595,2.25531914893617,1.2340425531914894,2.3404255319148937,2.127659574468085,0.3404255319148936,0.8936170212765957,7.127659574468085,3.0851063829787235,0.6808510638297872,2.5531914893617023,2.8085106382978724,5.872340425531915,0.5106382978723404,0.0,10.595744680851064,22.425531914893618,3.4468085106382977,3.5531914893617023,5.23404255319149
283,31246,1e-05,4.4523809523809526,1.1428571428571428,1.7619047619047619,1.5714285714285714,5.738095238095238,0.6904761904761905,2.4285714285714284,3.380952380952381,5.142857142857143,2.9523809523809526,1.8095238095238095,4.595238095238095,6.785714285714286,2.2142857142857144,0.023809523809523808,3.4285714285714284,8.738095238095237,1.6904761904761905,4.738095238095238,15.904761904761905
284,31246,0.001,2.090909090909091,2.9272727272727272,0.38181818181818183,1.5636363636363637,2.618181818181818,1.2545454545454546,2.690909090909091,3.109090909090909,8.49090909090909,1.0727272727272728,4.872727272727273,1.8181818181818181,2.4363636363636365,0.8727272727272727,0.9090909090909091,6.490909090909091,15.909090909090908,2.272727272727273,8.636363636363637,21.654545454545456
285,31249,0.1,8.415094339622641,1.6037735849056605,1.490566037735849,1.3773584905660377,2.339622641509434,0.1320754716981132,1.8113207547169812,4.169811320754717,3.7358490566037736,2.3962264150943398,6.584905660377358,8.849056603773585,9.339622641509434,0.7169811320754716,0.018867924528301886,19.037735849056602,24.9811320754717,0.4339622641509434,8.50943396226415,12.867924528301886
286,31249,0.001,13.953488372093023,5.5813953488372094,2.86046511627907,1.1162790697674418,2.255813953488372,0.813953488372093,3.441860465116279,2.4651162790697674,7.372093023255814,2.697674418604651,6.3023255813953485,10.325581395348838,6.209302325581396,0.046511627906976744,0.046511627906976744,6.186046511627907,16.046511627906977,1.8837209302325582,3.627906976744186,12.674418604651162
287,31252,1e-05,0.20930232558139536,0.627906976744186,2.302325581395349,4.72093023255814,3.6511627906976742,2.697674418604651,7.930232558139535,2.953488372093023,5.930232558139535,0.6046511627906976,4.8604651162790695,1.697674418604651,1.3255813953488371,1.5348837209302326,0.23255813953488372,1.0232558139534884,3.7906976744186047,0.8837209302325582,0.46511627906976744,18.6046511627907
288,31252,1e-07,6.434782608695652,6.608695652173913,3.4347826086956523,0.043478260869565216,5.434782608695652,2.130434782608696,12.0,3.217391304347826,0.8260869565217391,5.782608695652174,6.478260869565218,2.1739130434782608,0.7391304347826086,4.043478260869565,0.0,2.782608695652174,5.608695652173913,0.43478260869565216,3.1739130434782608,2.0
289,31260,1e-05,4.909090909090909,1.5454545454545454,1.7272727272727273,1.6818181818181819,5.090909090909091,6.7727272727272725,11.590909090909092,1.0,1.3181818181818181,0.6363636363636364,8.772727272727273,1.6363636363636365,6.2272727272727275,3.3181818181818183,0.0,0.2727272727272727,10.909090909090908,0.18181818181818182,5.0,6.0
290,31260,0.001,4.7,0.82,1.56,1.74,1.38,2.22,4.82,5.86,1.76,0.92,8.64,1.22,4.0,0.02,0.7,11.36,17.36,6.58,15.64,8.48
291,31265,1e-05,5.48,0.02,0.02,2.72,0.76,0.02,0.64,3.26,1.64,0.86,1.74,3.1,1.68,0.02,0.02,14.64,29.94,6.44,14.38,4.84
292,31265,0.001,6.796296296296297,1.6296296296296295,0.4074074074074074,0.1111111111111111,0.12962962962962962,0.42592592592592593,0.9814814814814815,4.518518518518518,2.2962962962962963,0.9444444444444444,4.2407407407407405,3.925925925925926,7.37037037037037,0.1111111111111111,0.2962962962962963,24.425925925925927,32.870370370370374,9.88888888888889,25.90740740740741,8.222222222222221
293,31266,0.001,7.407407407407407,1.2592592592592593,0.018518518518518517,1.0925925925925926,0.018518518518518517,0.9259259259259259,2.0925925925925926,4.296296296296297,1.0555555555555556,0.2222222222222222,7.685185185185185,4.833333333333333,1.8333333333333333,0.018518518518518517,0.018518518518518517,30.5,25.425925925925927,4.796296296296297,20.40740740740741,6.888888888888889
294,31266,1e-05,5.653846153846154,5.384615384615385,9.038461538461538,2.076923076923077,1.2307692307692308,5.1923076923076925,12.26923076923077,1.7307692307692308,4.230769230769231,2.4615384615384617,4.269230769230769,3.0384615384615383,0.038461538461538464,3.3076923076923075,3.3846153846153846,3.1923076923076925,1.9615384615384615,0.7692307692307693,5.538461538461538,4.038461538461538
295,261,0.001,0.8518518518518519,1.1851851851851851,1.3703703703703705,12.148148148148149,7.611111111111111,8.5,19.61111111111111,3.5555555555555554,7.611111111111111,6.185185185185185,19.22222222222222,1.1851851851851851,5.444444444444445,5.055555555555555,3.3518518518518516,0.12962962962962962,0.8703703703703703,0.8518518518518519,0.5740740740740741,14.833333333333334
296,261,1e-05,1.6222222222222222,0.022222222222222223,2.8444444444444446,5.933333333333334,6.5777777777777775,10.28888888888889,16.88888888888889,6.488888888888889,8.377777777777778,6.311111111111111,9.244444444444444,1.488888888888889,5.177777777777778,2.577777777777778,0.3111111111111111,1.2,3.466666666666667,3.311111111111111,2.888888888888889,11.622222222222222
297,31268,1e-07,4.96969696969697,0.3333333333333333,0.2727272727272727,3.878787878787879,6.545454545454546,11.545454545454545,1.3333333333333333,2.242424242424242,3.8181818181818183,1.3636363636363635,9.333333333333334,1.0303030303030303,1.5757575757575757,1.2727272727272727,0.30303030303030304,1.393939393939394,2.121212121212121,0.7575757575757576,1.5151515151515151,5.636363636363637
298,31268,1e-05,0.14814814814814814,2.5925925925925926,4.296296296296297,2.2222222222222223,3.7037037037037037,8.37037037037037,4.703703703703703,4.518518518518518,3.037037037037037,4.666666666666667,5.111111111111111,4.518518518518518,3.740740740740741,1.7777777777777777,3.3703703703703702,0.25925925925925924,3.074074074074074,0.0,2.4444444444444446,9.777777777777779
299,31272,0.001,5.018518518518518,0.6481481481481481,0.3333333333333333,0.46296296296296297,5.111111111111111,0.5740740740740741,2.111111111111111,2.5,12.185185185185185,1.0185185185185186,2.3518518518518516,6.87037037037037,1.462962962962963,0.25925925925925924,0.018518518518518517,3.6296296296296298,12.981481481481481,0.37037037037037035,3.5185185185185186,27.314814814814813
300,31272,1e-05,7.317073170731708,1.3170731707317074,0.24390243902439024,0.34146341463414637,1.048780487804878,1.7073170731707317,0.1951219512195122,2.1219512195121952,3.8292682926829267,0.0975609756097561,3.1463414634146343,3.3902439024390243,2.7560975609756095,0.12195121951219512,0.1951219512195122,4.414634146341464,14.78048780487805,3.1707317073170733,10.585365853658537,14.634146341463415
301,31276,1e-05,9.5,1.925,0.075,1.95,1.625,0.0,1.1,2.825,3.525,1.4,1.525,5.35,1.6,0.675,0.0,16.8,31.8,6.5,12.0,9.55
302,31276,0.001,7.680851063829787,1.6382978723404256,0.2553191489361702,0.3617021276595745,0.8297872340425532,0.0425531914893617,4.659574468085107,4.659574468085107,2.25531914893617,2.5319148936170213,3.021276595744681,4.361702127659575,1.9574468085106382,0.02127659574468085,0.3617021276595745,22.4468085106383,32.06382978723404,5.042553191489362,13.085106382978724,10.76595744680851
303,196,0.001,0.6296296296296297,2.111111111111111,1.1481481481481481,1.9259259259259258,0.37037037037037035,5.222222222222222,9.11111111111111,3.7037037037037037,8.0,0.5925925925925926,12.777777777777779,2.074074074074074,5.037037037037037,5.037037037037037,0.8518518518518519,0.0,1.8888888888888888,0.5555555555555556,2.740740740740741,9.222222222222221
304,196,0.1,5.305555555555555,1.9722222222222223,1.8333333333333333,6.138888888888889,2.4722222222222223,2.6666666666666665,6.361111111111111,9.36111111111111,2.861111111111111,4.083333333333333,4.527777777777778,4.944444444444445,7.777777777777778,1.6944444444444444,0.0,1.1666666666666667,15.805555555555555,2.0,7.138888888888889,6.888888888888889
305,31283,0.001,0.1875,0.0,1.75,3.6875,2.4375,1.5625,4.375,4.4375,6.375,2.875,4.1875,13.75,6.5,3.25,0.0,1.0625,8.625,0.9375,2.625,7.3125
306,31283,0.1,4.222222222222222,0.4888888888888889,1.6444444444444444,1.8222222222222222,2.7333333333333334,3.7555555555555555,7.777777777777778,7.288888888888889,6.977777777777778,5.222222222222222,8.222222222222221,3.1555555555555554,3.422222222222222,1.5333333333333334,2.1333333333333333,4.866666666666666,8.28888888888889,2.2222222222222223,2.9555555555555557,16.977777777777778
307,379,1e-05,2.0952380952380953,0.4523809523809524,2.5714285714285716,3.0238095238095237,3.5,9.428571428571429,10.357142857142858,5.238095238095238,6.428571428571429,5.238095238095238,15.952380952380953,1.5238095238095237,2.5476190476190474,1.880952380952381,1.4285714285714286,0.6904761904761905,2.7142857142857144,1.0714285714285714,1.0238095238095237,10.380952380952381
308,379,0.001,0.04081632653061224,0.3469387755102041,1.8571428571428572,7.387755102040816,3.2857142857142856,4.081632653061225,9.857142857142858,3.857142857142857,6.224489795918367,6.3061224489795915,6.755102040816326,2.1020408163265305,0.8367346938775511,3.36734693877551,0.10204081632653061,2.2448979591836733,0.04081632653061224,0.04081632653061224,0.04081632653061224,18.122448979591837
309,454,0.001,1.1111111111111112,2.462962962962963,5.203703703703703,1.3703703703703705,2.925925925925926,5.148148148148148,11.981481481481481,4.388888888888889,5.055555555555555,4.611111111111111,8.537037037037036,3.574074074074074,3.5185185185185186,2.9814814814814814,0.018518518518518517,0.6851851851851852,4.037037037037037,0.018518518518518517,0.7222222222222222,15.425925925925926
310,454,1e-05,9.86046511627907,2.0232558139534884,3.4186046511627906,3.744186046511628,3.0,1.4186046511627908,1.697674418604651,0.7209302325581395,5.488372093023256,3.0232558139534884,2.0930232558139537,8.372093023255815,4.023255813953488,0.09302325581395349,0.0,9.767441860465116,20.86046511627907,0.023255813953488372,3.744186046511628,11.162790697674419
311,1060,0.001,0.07547169811320754,1.6981132075471699,5.566037735849057,1.9056603773584906,4.264150943396227,4.660377358490566,9.226415094339623,6.754716981132075,5.547169811320755,9.39622641509434,7.528301886792453,2.207547169811321,6.867924528301887,1.4150943396226414,1.1320754716981132,0.018867924528301886,12.660377358490566,5.962264150943396,5.69811320754717,12.452830188679245
312,1060,1e-05,2.4,2.4285714285714284,6.771428571428571,3.4,2.1142857142857143,1.8571428571428572,5.514285714285714,10.0,0.9142857142857143,2.257142857142857,6.8,0.8,4.4,1.0571428571428572,2.085714285714286,1.6857142857142857,13.971428571428572,5.6,11.285714285714286,7.8
313,31404,0.1,3.2857142857142856,2.5952380952380953,5.523809523809524,0.11904761904761904,2.0952380952380953,0.38095238095238093,6.4523809523809526,5.809523809523809,3.857142857142857,2.357142857142857,2.5238095238095237,1.9285714285714286,8.380952380952381,2.642857142857143,0.6666666666666666,1.619047619047619,6.4523809523809526,1.2142857142857142,3.6904761904761907,16.761904761904763
314,31404,0.001,4.2631578947368425,1.631578947368421,4.368421052631579,1.1578947368421053,0.3684210526315789,0.0,8.421052631578947,1.9473684210526316,4.2631578947368425,2.8947368421052633,4.894736842105263,6.894736842105263,0.8947368421052632,0.10526315789473684,0.6842105263157895,1.4736842105263157,7.421052631578948,0.3157894736842105,0.42105263157894735,2.473684210526316
315,8615,0.001,0.125,2.0,0.5,5.8125,4.5625,0.875,7.4375,2.9375,6.1875,2.3125,7.1875,4.0,0.0625,5.5625,2.6875,1.8125,5.9375,0.375,2.25,8.5625
316,8615,0.1,13.155555555555555,2.3333333333333335,0.7111111111111111,1.6888888888888889,1.2,1.7555555555555555,4.444444444444445,7.8,3.8666666666666667,2.0,3.2666666666666666,4.311111111111111,5.688888888888889,0.7333333333333333,0.6222222222222222,3.1555555555555554,17.755555555555556,1.8666666666666667,4.644444444444445,7.644444444444445
317,875,0.1,1.736842105263158,0.10526315789473684,1.736842105263158,2.6052631578947367,3.3684210526315788,3.5,3.526315789473684,4.184210526315789,9.578947368421053,4.342105263157895,8.789473684210526,1.7894736842105263,6.447368421052632,2.710526315789474,0.0,0.7894736842105263,8.736842105263158,6.026315789473684,7.2894736842105265,8.921052631578947
318,875,0.001,0.0,9.882352941176471,1.4705882352941178,0.8235294117647058,7.705882352941177,10.352941176470589,4.176470588235294,0.11764705882352941,1.8235294117647058,2.0588235294117645,5.294117647058823,3.0,1.1764705882352942,5.0,4.882352941176471,0.0,2.5294117647058822,0.0,2.0,1.4705882352941178
319,8635,0.001,10.777777777777779,1.0185185185185186,0.48148148148148145,0.5555555555555556,1.1666666666666667,0.5555555555555556,2.0555555555555554,3.1296296296296298,1.7037037037037037,2.388888888888889,4.333333333333333,5.944444444444445,2.814814814814815,0.018518518518518517,0.018518518518518517,16.24074074074074,24.87037037037037,1.0,9.351851851851851,10.11111111111111
320,8635,1e-05,13.89795918367347,0.6122448979591837,2.938775510204082,0.24489795918367346,0.6530612244897959,0.6530612244897959,4.224489795918367,2.7755102040816326,0.46938775510204084,2.0,3.8979591836734695,2.2244897959183674,2.6122448979591835,0.02040816326530612,0.061224489795918366,11.775510204081632,28.510204081632654,0.673469387755102,12.204081632653061,8.306122448979592
321,8658,1e-05,2.9574468085106385,1.9361702127659575,2.574468085106383,7.553191489361702,3.595744680851064,3.5106382978723403,9.46808510638298,6.382978723404255,4.723404255319149,5.23404255319149,9.042553191489361,4.276595744680851,4.851063829787234,3.595744680851064,2.021276595744681,3.106382978723404,8.46808510638298,1.0851063829787233,5.0,17.27659574468085
322,8658,0.001,5.072727272727272,2.5090909090909093,3.290909090909091,8.763636363636364,9.236363636363636,4.381818181818182,11.745454545454546,7.781818181818182,9.254545454545454,8.218181818181819,7.836363636363636,7.036363636363636,7.3090909090909095,2.418181818181818,2.0545454545454547,1.9090909090909092,7.745454545454545,1.1090909090909091,2.2545454545454544,27.09090909090909
323,61641,1e-07,5.428571428571429,7.228571428571429,5.771428571428571,2.4285714285714284,4.285714285714286,8.085714285714285,6.285714285714286,2.4285714285714284,3.0,3.657142857142857,4.742857142857143,1.1142857142857143,4.2,3.7142857142857144,3.742857142857143,0.02857142857142857,5.4,0.4,5.085714285714285,6.942857142857143
324,61641,1e-05,0.9090909090909091,3.3333333333333335,5.0,2.5454545454545454,2.272727272727273,2.303030303030303,3.9696969696969697,3.5757575757575757,5.484848484848484,5.818181818181818,10.030303030303031,4.181818181818182,3.9696969696969697,1.5151515151515151,0.5757575757575758,0.030303030303030304,7.696969696969697,0.030303030303030304,0.030303030303030304,7.090909090909091
325,61653,1e-05,0.6296296296296297,6.7407407407407405,4.425925925925926,6.5,1.5185185185185186,3.7222222222222223,4.296296296296297,4.074074074074074,2.7962962962962963,7.555555555555555,4.722222222222222,1.2962962962962963,2.425925925925926,1.8148148148148149,1.1851851851851851,1.1481481481481481,6.296296296296297,4.462962962962963,6.407407407407407,9.12962962962963
326,61653,1e-07,1.1388888888888888,4.527777777777778,8.944444444444445,2.2222222222222223,5.055555555555555,2.9722222222222223,8.305555555555555,4.888888888888889,5.277777777777778,7.111111111111111,4.0,4.166666666666667,7.666666666666667,0.5555555555555556,0.0,0.1111111111111111,11.472222222222221,11.166666666666666,11.944444444444445,8.277777777777779
327,61659,1e-05,1.2692307692307692,3.6346153846153846,5.365384615384615,3.173076923076923,0.9423076923076923,2.8076923076923075,5.25,4.461538461538462,4.711538461538462,13.653846153846153,7.653846153846154,3.6153846153846154,5.5576923076923075,9.115384615384615,3.480769230769231,0.40384615384615385,0.9807692307692307,2.0,5.596153846153846,4.615384615384615
328,61659,0.001,0.018518518518518517,2.074074074074074,1.6851851851851851,7.333333333333333,8.222222222222221,5.407407407407407,11.0,7.222222222222222,5.333333333333333,21.48148148148148,8.944444444444445,0.2777777777777778,3.0925925925925926,5.203703703703703,3.4814814814814814,0.018518518518518517,0.07407407407407407,3.3333333333333335,4.648148148148148,11.425925925925926
329,1136,0.001,0.5555555555555556,3.7222222222222223,2.6296296296296298,4.481481481481482,5.351851851851852,3.2962962962962963,7.574074074074074,8.962962962962964,3.611111111111111,6.7407407407407405,5.333333333333333,1.462962962962963,7.62962962962963,8.574074074074074,3.1666666666666665,0.0,1.7962962962962963,2.8518518518518516,6.166666666666667,7.2407407407407405
330,1136,1e-05,0.5625,2.5833333333333335,3.0208333333333335,2.1875,4.6875,4.166666666666667,9.125,4.145833333333333,4.229166666666667,5.541666666666667,5.479166666666667,1.7916666666666667,4.270833333333333,3.5833333333333335,2.6875,0.5416666666666666,2.0625,6.041666666666667,9.166666666666666,12.875
331,8712,1e-05,0.5769230769230769,0.7884615384615384,3.3846153846153846,10.692307692307692,8.442307692307692,5.038461538461538,9.73076923076923,3.6346153846153846,3.25,7.9423076923076925,8.615384615384615,1.1346153846153846,5.519230769230769,6.096153846153846,2.5,0.36538461538461536,2.019230769230769,2.1923076923076925,5.884615384615385,2.4615384615384617
332,8712,1e-07,2.6153846153846154,4.538461538461538,2.9615384615384617,2.1538461538461537,4.3076923076923075,1.8846153846153846,9.538461538461538,2.4615384615384617,0.38461538461538464,6.8076923076923075,7.3076923076923075,0.9230769230769231,3.923076923076923,5.1923076923076925,1.0,0.07692307692307693,1.6153846153846154,0.8846153846153846,6.615384615384615,8.692307692307692
333,61670,1e-05,1.8333333333333333,0.16666666666666666,1.6041666666666667,3.6041666666666665,2.3125,3.4375,9.625,4.604166666666667,2.5208333333333335,3.75,5.0,0.08333333333333333,7.916666666666667,6.145833333333333,1.0208333333333333,0.0,4.645833333333333,7.375,10.291666666666666,2.6875
334,61670,1e-07,1.8888888888888888,11.222222222222221,3.2777777777777777,4.111111111111111,0.2222222222222222,1.5,1.0555555555555556,2.888888888888889,0.16666666666666666,2.5,8.055555555555555,5.555555555555555,0.2222222222222222,2.111111111111111,0.0,0.2777777777777778,9.333333333333334,6.166666666666667,3.7222222222222223,9.88888888888889
335,8723,0.001,3.5,1.0925925925925926,2.611111111111111,5.7407407407407405,10.037037037037036,7.388888888888889,7.185185185185185,8.11111111111111,16.925925925925927,3.5,10.907407407407407,9.092592592592593,3.5185185185185186,0.7407407407407407,0.018518518518518517,4.962962962962963,7.333333333333333,2.425925925925926,6.148148148148148,33.96296296296296
336,8723,1e-05,4.7,3.35,6.0,4.9,2.85,1.975,9.0,8.9,6.025,5.325,5.55,2.6,4.475,3.1,0.0,0.2,5.725,2.025,5.7,11.075
337,26331,1e-05,0.8888888888888888,1.8333333333333333,2.0833333333333335,2.6944444444444446,5.111111111111111,0.8611111111111112,5.0,1.8611111111111112,3.9166666666666665,3.3333333333333335,4.083333333333333,5.861111111111111,2.75,1.3055555555555556,0.8888888888888888,0.3611111111111111,5.555555555555555,2.861111111111111,7.916666666666667,7.194444444444445
338,26331,0.001,0.21818181818181817,0.8181818181818182,4.363636363636363,3.0545454545454547,1.0909090909090908,6.490909090909091,9.618181818181819,5.090909090909091,1.4727272727272727,12.418181818181818,10.8,1.9454545454545455,5.963636363636364,1.7636363636363637,0.34545454545454546,0.8727272727272727,7.327272727272727,5.8545454545454545,11.945454545454545,3.581818181818182
339,444539,0.001,0.6666666666666666,0.375,2.4375,4.166666666666667,8.9375,10.729166666666666,12.6875,4.208333333333333,5.25,2.8125,10.666666666666666,2.3125,4.375,2.7916666666666665,4.0,1.5416666666666667,4.791666666666667,2.3125,3.7708333333333335,4.729166666666667
340,444539,0.1,4.9818181818181815,2.690909090909091,1.0,4.127272727272727,3.3636363636363638,2.7818181818181817,7.236363636363636,9.763636363636364,4.218181818181818,3.4,7.090909090909091,0.509090909090909,13.272727272727273,2.6,2.2181818181818183,3.6363636363636362,14.89090909090909,10.49090909090909,10.945454545454545,4.618181818181818
341,8785,1e-05,7.829787234042553,1.5106382978723405,0.6382978723404256,2.3191489361702127,5.808510638297872,0.6170212765957447,0.8085106382978723,4.787234042553192,2.8297872340425534,0.44680851063829785,2.1914893617021276,4.085106382978723,2.872340425531915,0.14893617021276595,0.02127659574468085,11.404255319148936,14.127659574468085,1.0212765957446808,6.148936170212766,10.787234042553191
342,8785,0.001,6.549019607843137,0.8235294117647058,0.0392156862745098,0.0392156862745098,2.4313725490196076,1.196078431372549,2.7058823529411766,1.7450980392156863,5.588235294117647,1.1568627450980393,2.372549019607843,6.490196078431373,4.294117647058823,0.0196078431372549,0.0196078431372549,9.745098039215685,18.254901960784313,3.450980392156863,5.0588235294117645,18.41176470588235
343,8797,1e-05,3.0,1.2307692307692308,5.0576923076923075,8.23076923076923,3.3076923076923075,2.923076923076923,10.692307692307692,4.1923076923076925,8.076923076923077,7.1923076923076925,4.153846153846154,1.2884615384615385,3.4423076923076925,2.1153846153846154,1.0,0.09615384615384616,3.519230769230769,0.0,0.11538461538461539,13.346153846153847
344,8797,0.001,5.890909090909091,2.8363636363636364,2.690909090909091,3.5272727272727273,4.2727272727272725,1.0545454545454545,7.709090909090909,3.5636363636363635,4.8545454545454545,5.836363636363636,3.8727272727272726,6.0181818181818185,8.818181818181818,1.1636363636363636,0.9636363636363636,2.6363636363636362,14.218181818181819,3.036363636363636,5.0181818181818185,6.454545454545454
345,8815,0.001,7.018867924528302,2.981132075471698,0.20754716981132076,0.11320754716981132,3.169811320754717,0.03773584905660377,1.7924528301886793,5.9245283018867925,3.509433962264151,2.0943396226415096,3.0943396226415096,1.509433962264151,12.09433962264151,0.6415094339622641,0.018867924528301886,6.90566037735849,30.433962264150942,5.226415094339623,16.547169811320753,10.79245283018868
346,8815,1e-05,1.5,2.5416666666666665,7.208333333333333,0.5833333333333334,2.375,2.2083333333333335,7.666666666666667,5.458333333333333,2.1666666666666665,2.0,5.208333333333333,2.0416666666666665,3.875,2.0416666666666665,1.5416666666666667,5.291666666666667,8.25,2.5833333333333335,4.333333333333333,7.166666666666667
347,1549025,0.001,1.0,0.3333333333333333,0.2857142857142857,4.0,0.0,5.285714285714286,10.571428571428571,1.4285714285714286,0.6666666666666666,0.19047619047619047,12.761904761904763,7.761904761904762,1.3333333333333333,0.14285714285714285,0.0,0.0,4.619047619047619,3.238095238095238,7.190476190476191,7.904761904761905
348,1549025,0.1,6.188679245283019,0.4339622641509434,1.9622641509433962,3.981132075471698,1.490566037735849,0.09433962264150944,3.490566037735849,2.3962264150943398,4.660377358490566,3.0377358490566038,8.566037735849056,5.60377358490566,2.2641509433962264,1.0943396226415094,0.018867924528301886,10.735849056603774,16.264150943396228,1.2264150943396226,8.754716981132075,15.773584905660377
349,8857,1e-05,5.869565217391305,2.3043478260869565,1.2173913043478262,0.0,3.347826086956522,2.9565217391304346,5.739130434782608,3.0869565217391304,2.869565217391304,3.130434782608696,2.9565217391304346,0.0,0.30434782608695654,2.5217391304347827,0.9565217391304348,0.043478260869565216,8.434782608695652,0.9565217391304348,1.5217391304347827,5.304347826086956
350,8857,0.001,1.394736842105263,3.289473684210526,2.0,4.078947368421052,2.4473684210526314,4.157894736842105,5.552631578947368,1.394736842105263,5.394736842105263,6.657894736842105,2.6578947368421053,1.9473684210526316,2.710526315789474,5.868421052631579,1.5,0.13157894736842105,4.947368421052632,4.578947368421052,2.526315789473684,3.973684210526316
351,8878,0.001,10.407407407407407,2.9814814814814814,0.48148148148148145,0.2037037037037037,0.07407407407407407,0.9629629629629629,1.1851851851851851,6.685185185185185,2.0,1.2407407407407407,3.740740740740741,2.462962962962963,4.037037037037037,0.2777777777777778,1.6851851851851851,16.944444444444443,26.85185185185185,3.462962962962963,11.425925925925926,5.925925925925926
352,8878,1e-05,3.0,1.6,1.4,0.92,2.16,3.88,9.32,1.92,2.08,0.56,8.96,1.08,0.64,0.88,0.0,11.64,21.24,3.16,13.84,10.32
353,8892,0.001,0.8727272727272727,0.41818181818181815,1.4363636363636363,9.50909090909091,9.545454545454545,10.090909090909092,10.818181818181818,5.163636363636364,11.163636363636364,4.8,15.036363636363637,4.745454545454545,2.5636363636363635,3.036363636363636,1.5272727272727273,0.01818181818181818,1.8181818181818181,0.10909090909090909,0.32727272727272727,16.672727272727272
354,8892,1e-05,0.058823529411764705,0.6274509803921569,1.2352941176470589,11.666666666666666,16.54901960784314,11.980392156862745,17.745098039215687,4.098039215686274,6.980392156862745,5.117647058823529,16.15686274509804,3.9411764705882355,1.5294117647058822,3.823529411764706,3.627450980392157,0.0,0.49019607843137253,1.0196078431372548,1.4509803921568627,9.823529411764707
355,8908,1e-05,3.7333333333333334,11.933333333333334,0.0,5.6,2.2666666666666666,3.466666666666667,3.2,1.1333333333333333,1.8,2.8666666666666667,7.6,13.866666666666667,2.933333333333333,0.3333333333333333,0.0,11.2,15.0,1.5333333333333334,12.333333333333334,1.7333333333333334
356,8908,0.001,8.916666666666666,3.7708333333333335,0.7916666666666666,0.22916666666666666,1.3958333333333333,0.3125,4.041666666666667,6.020833333333333,3.9166666666666665,1.1458333333333333,4.770833333333333,4.375,5.895833333333333,0.5208333333333334,0.14583333333333334,16.375,35.0625,3.4375,14.541666666666666,11.083333333333334
357,3893,0.1,3.259259259259259,1.2407407407407407,6.7592592592592595,4.62962962962963,11.74074074074074,8.61111111111111,10.703703703703704,7.962962962962963,14.055555555555555,12.981481481481481,15.092592592592593,3.8333333333333335,1.8518518518518519,2.759259259259259,0.5185185185185185,0.3888888888888889,3.7222222222222223,0.018518518518518517,1.6851851851851851,23.037037037037038
358,3893,0.001,8.86111111111111,2.1666666666666665,7.666666666666667,3.7222222222222223,7.888888888888889,10.38888888888889,8.444444444444445,5.416666666666667,4.166666666666667,7.027777777777778,13.222222222222221,5.361111111111111,4.638888888888889,3.25,1.5555555555555556,1.8333333333333333,7.888888888888889,0.4166666666666667,0.6388888888888888,10.472222222222221
359,8914,0.001,7.0,3.5384615384615383,1.2884615384615385,4.365384615384615,5.846153846153846,4.076923076923077,2.326923076923077,3.7884615384615383,8.807692307692308,4.173076923076923,5.173076923076923,4.653846153846154,3.3846153846153846,1.4423076923076923,0.019230769230769232,3.9038461538461537,9.01923076923077,0.019230769230769232,0.4423076923076923,11.98076923076923
360,8914,1e-05,4.142857142857143,2.4857142857142858,0.6571428571428571,3.8285714285714287,2.5428571428571427,1.4285714285714286,10.028571428571428,3.7142857142857144,7.114285714285714,2.257142857142857,7.3428571428571425,2.914285714285714,3.742857142857143,1.1714285714285715,1.2285714285714286,2.657142857142857,5.457142857142857,0.7714285714285715,0.7428571428571429,21.714285714285715
361,8918,0.1,4.654545454545454,2.581818181818182,2.4363636363636365,4.072727272727272,8.018181818181818,2.1818181818181817,3.4909090909090907,0.6181818181818182,11.127272727272727,3.909090909090909,12.290909090909091,6.872727272727273,3.709090909090909,0.6909090909090909,0.01818181818181818,4.345454545454546,8.272727272727273,0.45454545454545453,1.018181818181818,21.745454545454546
362,8918,0.001,0.42105263157894735,6.5,3.8947368421052633,4.052631578947368,1.3157894736842106,4.684210526315789,3.5526315789473686,4.684210526315789,2.9473684210526314,1.9210526315789473,4.921052631578948,1.2105263157894737,2.236842105263158,1.0526315789473684,0.13157894736842105,0.47368421052631576,4.921052631578948,0.0,0.02631578947368421,8.131578947368421
363,15037,0.001,2.9622641509433962,5.962264150943396,0.8679245283018868,3.1320754716981134,9.09433962264151,4.981132075471698,9.09433962264151,6.471698113207547,9.716981132075471,4.09433962264151,7.09433962264151,7.6415094339622645,5.773584905660377,4.716981132075472,3.6792452830188678,1.7924528301886793,4.849056603773585,3.4339622641509435,4.0754716981132075,16.50943396226415
364,15037,1e-05,2.4571428571428573,4.257142857142857,2.4857142857142858,1.8285714285714285,2.2,2.4857142857142858,5.457142857142857,1.5142857142857142,4.428571428571429,0.8285714285714286,2.6285714285714286,5.171428571428572,3.4571428571428573,2.3142857142857145,0.8,3.5142857142857142,9.028571428571428,0.0,0.17142857142857143,13.228571428571428
365,61771,0.001,3.784313725490196,0.8235294117647058,0.3137254901960784,0.5490196078431373,5.549019607843137,2.3333333333333335,3.823529411764706,4.2745098039215685,8.176470588235293,2.1372549019607843,9.666666666666666,4.215686274509804,6.96078431372549,1.5686274509803921,1.2352941176470589,1.9803921568627452,11.549019607843137,2.0392156862745097,4.803921568627451,20.274509803921568
366,61771,0.1,7.351851851851852,5.037037037037037,2.2222222222222223,2.2037037037037037,4.833333333333333,1.8703703703703705,4.444444444444445,4.722222222222222,9.24074074074074,2.5,3.5,9.296296296296296,10.425925925925926,0.018518518518518517,0.018518518518518517,3.4444444444444446,8.37037037037037,0.9814814814814815,2.814814814814815,27.166666666666668
367,145742,0.1,1.0545454545454545,0.6,4.4,8.0,7.6,6.872727272727273,12.636363636363637,6.836363636363636,5.636363636363637,7.963636363636364,8.090909090909092,0.09090909090909091,2.109090909090909,7.8545454545454545,4.745454545454545,1.490909090909091,4.2727272727272725,3.109090909090909,2.8727272727272726,7.418181818181818
368,145742,0.001,0.5681818181818182,4.0227272727272725,3.022727272727273,4.681818181818182,7.636363636363637,9.772727272727273,8.931818181818182,1.9545454545454546,6.5227272727272725,1.75,4.159090909090909,4.068181818181818,3.727272727272727,2.4318181818181817,1.9772727272727273,0.45454545454545453,2.3181818181818183,0.045454545454545456,2.0,16.136363636363637
369,8697,0.1,0.9607843137254902,1.0980392156862746,2.627450980392157,4.333333333333333,4.882352941176471,1.8627450980392157,9.352941176470589,2.7254901960784315,5.431372549019608,3.3137254901960786,8.058823529411764,4.0,9.431372549019608,2.823529411764706,2.0588235294117645,1.1764705882352942,3.764705882352941,3.6666666666666665,1.6274509803921569,20.19607843137255
370,8697,0.001,1.9574468085106382,1.2553191489361701,6.617021276595745,5.0,4.191489361702128,7.957446808510638,9.680851063829786,6.638297872340425,11.063829787234043,4.48936170212766,8.702127659574469,3.0,4.702127659574468,3.574468085106383,1.425531914893617,0.3617021276595745,2.4680851063829787,1.6382978723404256,1.4042553191489362,16.382978723404257
371,994,0.001,8.255813953488373,2.5813953488372094,6.744186046511628,3.0697674418604652,7.930232558139535,3.3488372093023258,6.744186046511628,6.651162790697675,4.6976744186046515,1.8604651162790697,8.813953488372093,3.3488372093023258,5.744186046511628,3.953488372093023,2.0,4.325581395348837,21.325581395348838,3.9302325581395348,9.55813953488372,5.465116279069767
372,994,0.1,3.611111111111111,1.2407407407407407,3.740740740740741,3.3333333333333335,6.296296296296297,2.7962962962962963,14.425925925925926,7.648148148148148,3.685185185185185,13.185185185185185,9.037037037037036,3.685185185185185,8.277777777777779,3.2777777777777777,1.8518518518518519,4.851851851851852,12.037037037037036,6.2592592592592595,7.777777777777778,11.11111111111111
373,9012,0.001,0.0,1.0377358490566038,6.867924528301887,4.773584905660377,4.660377358490566,2.3207547169811322,10.0,6.849056603773585,4.339622641509434,21.830188679245282,9.20754716981132,0.41509433962264153,9.50943396226415,8.584905660377359,4.39622641509434,0.0,0.5660377358490566,2.1132075471698113,5.188679245283019,10.132075471698114
374,9012,0.1,1.7037037037037037,1.462962962962963,3.3333333333333335,5.685185185185185,6.074074074074074,2.2037037037037037,8.314814814814815,5.37037037037037,5.166666666666667,19.61111111111111,7.314814814814815,2.1481481481481484,7.962962962962963,6.7592592592592595,4.666666666666667,0.0,0.35185185185185186,1.4074074074074074,5.5,12.333333333333334
375,9016,1e-07,3.761904761904762,0.5238095238095238,3.761904761904762,2.142857142857143,6.857142857142857,2.1904761904761907,5.714285714285714,3.4761904761904763,4.476190476190476,6.238095238095238,1.1428571428571428,1.3333333333333333,0.5238095238095238,5.333333333333333,1.1904761904761905,3.7142857142857144,11.952380952380953,1.619047619047619,4.428571428571429,6.9523809523809526
376,9016,1e-05,7.518518518518518,7.518518518518518,2.4074074074074074,2.8518518518518516,1.1111111111111112,1.8148148148148149,6.62962962962963,4.592592592592593,3.6296296296296298,3.0,6.2592592592592595,5.148148148148148,1.0740740740740742,3.4074074074074074,0.5185185185185185,0.4074074074074074,7.666666666666667,2.2962962962962963,3.037037037037037,7.074074074074074
377,9024,0.1,11.814814814814815,5.592592592592593,3.0185185185185186,0.09259259259259259,7.0,0.6481481481481481,1.6481481481481481,5.962962962962963,6.074074074074074,0.7592592592592593,4.092592592592593,1.6666666666666667,8.87037037037037,0.37037037037037035,1.1296296296296295,7.592592592592593,15.833333333333334,0.7222222222222222,0.7777777777777778,13.203703703703704
378,9024,0.001,4.838709677419355,1.032258064516129,0.8064516129032258,0.03225806451612903,1.0,2.064516129032258,3.129032258064516,6.258064516129032,10.35483870967742,1.7096774193548387,4.709677419354839,2.806451612903226,7.161290322580645,0.0,0.0,4.225806451612903,10.806451612903226,3.096774193548387,3.7419354838709675,11.290322580645162
379,9025,0.001,6.345454545454546,1.4363636363636363,3.1272727272727274,2.018181818181818,5.0,1.1454545454545455,7.418181818181818,6.509090909090909,8.418181818181818,4.254545454545455,5.672727272727273,7.763636363636364,9.254545454545454,3.381818181818182,2.418181818181818,4.490909090909091,15.454545454545455,0.16363636363636364,8.345454545454546,15.727272727272727
380,9025,1e-05,4.3428571428571425,2.0,1.542857142857143,1.2571428571428571,2.2857142857142856,2.1142857142857143,7.285714285714286,4.428571428571429,1.0285714285714285,13.0,1.6857142857142857,2.085714285714286,7.142857142857143,1.1714285714285715,0.0,1.0,10.17142857142857,6.0285714285714285,6.3428571428571425,6.514285714285714
381,5363491,0.1,1.7727272727272727,1.6818181818181819,3.409090909090909,0.09090909090909091,3.9545454545454546,5.181818181818182,7.5,1.6818181818181819,0.9090909090909091,4.136363636363637,8.727272727272727,6.2272727272727275,2.909090909090909,3.272727272727273,1.3636363636363635,0.2727272727272727,2.1818181818181817,1.5,0.4090909090909091,7.2272727272727275
382,5363491,0.001,7.8108108108108105,3.4324324324324325,2.675675675675676,1.6216216216216217,2.027027027027027,5.837837837837838,6.4324324324324325,4.297297297297297,1.2702702702702702,2.7837837837837838,6.108108108108108,1.4594594594594594,3.891891891891892,4.945945945945946,1.2702702702702702,0.5675675675675675,12.054054054054054,2.4864864864864864,6.45945945945946,2.027027027027027
383,165675,0.001,4.6521739130434785,5.521739130434782,2.5,3.108695652173913,3.217391304347826,1.065217391304348,4.260869565217392,3.4565217391304346,6.130434782608695,1.1521739130434783,3.3260869565217392,6.891304347826087,6.478260869565218,0.8695652173913043,0.06521739130434782,0.2826086956521739,6.434782608695652,1.4130434782608696,7.630434782608695,20.804347826086957
384,165675,0.1,5.7272727272727275,2.727272727272727,0.5272727272727272,0.43636363636363634,2.3636363636363638,0.14545454545454545,0.8545454545454545,3.4,7.709090909090909,1.5454545454545454,1.981818181818182,10.690909090909091,6.6909090909090905,0.6,0.2545454545454545,0.23636363636363636,9.545454545454545,0.9090909090909091,3.672727272727273,20.054545454545455
385,27440,0.001,0.018867924528301886,0.07547169811320754,0.22641509433962265,7.0754716981132075,11.11320754716981,7.018867924528302,10.11320754716981,4.528301886792453,13.943396226415095,5.584905660377358,11.433962264150944,2.830188679245283,3.9622641509433962,5.622641509433962,4.264150943396227,1.6603773584905661,0.8301886792452831,0.9056603773584906,1.2830188679245282,27.0
386,27440,1e-05,1.25,1.1923076923076923,0.9038461538461539,2.980769230769231,6.423076923076923,1.2115384615384615,3.3653846153846154,4.076923076923077,10.384615384615385,3.4038461538461537,5.615384615384615,3.8461538461538463,6.903846153846154,2.3846153846153846,0.9423076923076923,2.5576923076923075,6.211538461538462,0.038461538461538464,1.6346153846153846,25.53846153846154
387,61809,0.001,0.6111111111111112,2.7962962962962963,0.2037037037037037,4.296296296296297,4.111111111111111,2.1296296296296298,6.092592592592593,3.0185185185185186,8.796296296296296,8.518518518518519,9.962962962962964,1.5925925925925926,4.444444444444445,6.351851851851852,2.7962962962962963,2.0925925925925926,7.888888888888889,3.537037037037037,6.37037037037037,12.314814814814815
388,61809,1e-05,3.6153846153846154,0.9615384615384616,1.3269230769230769,3.25,2.3461538461538463,1.8461538461538463,2.173076923076923,6.211538461538462,5.865384615384615,8.26923076923077,5.980769230769231,2.7115384615384617,5.423076923076923,4.134615384615385,2.3461538461538463,1.3461538461538463,8.615384615384615,1.9807692307692308,8.423076923076923,11.48076923076923
389,27457,0.001,0.018518518518518517,1.2777777777777777,5.481481481481482,7.092592592592593,6.87037037037037,4.685185185185185,8.555555555555555,6.2592592592592595,3.3333333333333335,9.74074074074074,5.185185185185185,3.888888888888889,4.722222222222222,3.2222222222222223,5.518518518518518,0.018518518518518517,8.925925925925926,9.907407407407407,8.648148148148149,10.851851851851851
390,27457,1e-05,2.2222222222222223,3.740740740740741,4.462962962962963,4.5,0.8333333333333334,2.4074074074074074,7.481481481481482,8.981481481481481,1.9259259259259258,13.018518518518519,4.777777777777778,2.037037037037037,7.222222222222222,4.2407407407407405,0.9259259259259259,0.9814814814814815,7.7592592592592595,11.537037037037036,14.74074074074074,2.685185185185185
391,27458,1e-07,2.9655172413793105,2.689655172413793,5.655172413793103,7.9655172413793105,1.2758620689655173,3.4827586206896552,9.689655172413794,0.20689655172413793,2.0,1.8275862068965518,2.2413793103448274,5.137931034482759,5.0,0.5172413793103449,0.0,0.0,2.0344827586206895,2.0689655172413794,3.0689655172413794,7.793103448275862
392,27458,1e-05,2.641509433962264,11.264150943396226,11.773584905660377,6.452830188679245,3.7169811320754715,4.415094339622642,9.433962264150944,1.2452830188679245,5.415094339622642,5.339622641509434,6.226415094339623,4.0754716981132075,4.943396226415095,0.8867924528301887,0.018867924528301886,0.4339622641509434,2.4150943396226414,1.3396226415094339,3.0943396226415096,8.81132075471698
393,15380,1e-07,1.135135135135135,3.027027027027027,2.7567567567567566,4.405405405405405,1.4054054054054055,1.5405405405405406,6.594594594594595,3.108108108108108,2.4054054054054053,1.4594594594594594,6.108108108108108,3.6486486486486487,4.0,2.1621621621621623,0.43243243243243246,3.4054054054054053,10.54054054054054,1.7297297297297298,2.324324324324324,11.108108108108109
394,15380,1e-05,0.09090909090909091,0.2727272727272727,2.036363636363636,6.945454545454545,5.090909090909091,6.054545454545455,6.109090909090909,2.8,10.127272727272727,5.545454545454546,12.345454545454546,2.6545454545454548,8.236363636363636,14.50909090909091,4.909090909090909,0.5818181818181818,0.7090909090909091,0.2,4.3090909090909095,10.309090909090909
395,565690,0.001,6.744186046511628,2.9069767441860463,0.4883720930232558,2.3488372093023258,4.023255813953488,4.674418604651163,5.4186046511627906,4.488372093023256,2.255813953488372,5.488372093023256,6.372093023255814,1.255813953488372,4.534883720930233,4.441860465116279,1.3488372093023255,5.790697674418604,14.255813953488373,2.13953488372093,3.5348837209302326,4.023255813953488
396,565690,1e-05,0.47619047619047616,2.7142857142857144,0.5238095238095238,0.7142857142857143,2.238095238095238,4.142857142857143,13.238095238095237,3.857142857142857,3.9523809523809526,2.6666666666666665,12.428571428571429,0.7619047619047619,10.142857142857142,1.5238095238095237,0.0,3.0952380952380953,9.476190476190476,0.8095238095238095,1.6666666666666667,7.523809523809524
397,85522,0.001,0.4074074074074074,0.42592592592592593,0.18518518518518517,11.166666666666666,8.851851851851851,8.925925925925926,9.148148148148149,2.6296296296296298,5.2592592592592595,3.888888888888889,10.351851851851851,3.7037037037037037,7.685185185185185,10.462962962962964,6.555555555555555,0.12962962962962962,1.5925925925925926,0.12962962962962962,6.981481481481482,12.851851851851851
398,85522,1e-05,2.9210526315789473,2.289473684210526,0.6052631578947368,5.7631578947368425,8.5,3.973684210526316,8.552631578947368,6.184210526315789,7.421052631578948,5.973684210526316,9.473684210526315,1.4736842105263157,4.131578947368421,1.9473684210526316,1.5263157894736843,3.4473684210526314,7.7894736842105265,0.0,1.1842105263157894,11.0
399,15510,1e-05,0.018518518518518517,0.5370370370370371,2.2037037037037037,12.703703703703704,6.537037037037037,5.222222222222222,10.814814814814815,5.037037037037037,5.907407407407407,6.111111111111111,5.666666666666667,0.018518518518518517,15.518518518518519,19.38888888888889,4.351851851851852,0.018518518518518517,0.7592592592592593,1.2222222222222223,10.092592592592593,8.185185185185185
400,15510,1e-07,0.48148148148148145,0.6481481481481481,2.0,12.148148148148149,5.611111111111111,7.555555555555555,9.555555555555555,4.203703703703703,0.8703703703703703,7.092592592592593,7.62962962962963,0.42592592592592593,12.88888888888889,12.944444444444445,8.37037037037037,0.018518518518518517,1.1111111111111112,0.7777777777777778,3.962962962962963,7.388888888888889
401,641256,1e-05,2.2962962962962963,1.6296296296296295,1.5185185185185186,0.5555555555555556,2.5925925925925926,2.0,5.7407407407407405,9.481481481481481,4.666666666666667,2.7777777777777777,4.481481481481482,0.48148148148148145,6.703703703703703,1.8148148148148149,0.5925925925925926,0.037037037037037035,7.037037037037037,1.4444444444444444,3.4814814814814814,9.333333333333334
402,641256,0.001,1.0930232558139534,4.72093023255814,5.5813953488372094,3.697674418604651,3.0697674418604652,2.7209302325581395,5.232558139534884,5.5813953488372094,4.813953488372093,2.7674418604651163,5.767441860465116,2.9069767441860463,12.395348837209303,2.813953488372093,0.3488372093023256,1.6046511627906976,5.441860465116279,1.6744186046511629,9.465116279069768,8.744186046511627
403,15606,0.001,9.416666666666666,2.8541666666666665,1.8333333333333333,1.125,0.8958333333333334,3.4166666666666665,5.520833333333333,2.0625,0.3125,2.25,4.229166666666667,4.25,5.333333333333333,1.3333333333333333,0.3541666666666667,11.5,19.333333333333332,2.125,7.375,7.1875
404,15606,1e-05,10.21875,1.90625,1.9375,1.90625,0.0,3.71875,3.25,9.0625,1.4375,1.375,1.5,3.59375,3.15625,1.28125,0.0,11.25,21.84375,2.46875,6.9375,10.3125
405,15654,0.001,0.32727272727272727,2.5272727272727273,0.36363636363636365,9.654545454545454,10.618181818181819,1.7636363636363637,3.7636363636363637,3.1818181818181817,6.890909090909091,8.436363636363636,8.690909090909091,2.8181818181818183,1.4363636363636363,1.0909090909090908,0.509090909090909,0.01818181818181818,0.4,0.2545454545454545,0.2909090909090909,19.70909090909091
406,15654,1e-05,7.146341463414634,2.3902439024390243,6.121951219512195,3.4390243902439024,8.414634146341463,3.1463414634146343,4.170731707317073,3.6341463414634148,5.341463414634147,7.195121951219512,6.048780487804878,8.268292682926829,3.0,0.8048780487804879,0.0,3.0,8.268292682926829,2.048780487804878,1.170731707317073,18.29268292682927
407,15717,1e-07,8.545454545454545,2.272727272727273,3.909090909090909,0.0,0.0,9.0,12.0,0.5454545454545454,1.3636363636363635,10.545454545454545,18.363636363636363,0.0,2.5454545454545454,6.636363636363637,0.0,0.09090909090909091,14.272727272727273,0.0,4.7272727272727275,3.4545454545454546
408,15717,1e-05,6.321428571428571,5.178571428571429,3.642857142857143,2.0714285714285716,13.571428571428571,6.142857142857143,7.321428571428571,10.535714285714286,2.3214285714285716,3.607142857142857,9.071428571428571,0.0,6.214285714285714,4.75,0.25,2.892857142857143,4.785714285714286,3.25,3.642857142857143,7.821428571428571
409,440967,0.1,3.4363636363636365,5.418181818181818,5.618181818181818,3.4727272727272727,7.6,0.8363636363636363,1.9636363636363636,7.927272727272728,10.290909090909091,2.709090909090909,5.381818181818182,11.181818181818182,10.8,0.6727272727272727,0.01818181818181818,1.490909090909091,5.763636363636364,0.01818181818181818,3.581818181818182,18.70909090909091
410,440967,0.001,4.696969696969697,3.727272727272727,5.151515151515151,0.030303030303030304,0.7272727272727273,0.18181818181818182,5.909090909090909,4.96969696969697,3.909090909090909,1.606060606060606,6.878787878787879,3.242424242424242,2.515151515151515,3.242424242424242,1.0303030303030303,5.909090909090909,8.121212121212121,2.121212121212121,4.9393939393939394,10.575757575757576
411,519539,0.001,4.9818181818181815,7.927272727272728,2.018181818181818,6.1454545454545455,6.2,6.818181818181818,8.6,7.0,11.581818181818182,7.5636363636363635,13.654545454545454,0.12727272727272726,7.254545454545455,4.4,0.38181818181818183,2.8,2.2545454545454544,0.509090909090909,3.5090909090909093,15.218181818181819
412,519539,1e-05,1.92,6.02,0.62,1.88,3.44,2.7,9.48,2.64,6.6,3.68,6.98,2.96,1.88,6.74,1.12,3.86,3.46,0.22,3.24,9.28
413,106997,0.001,2.480769230769231,13.365384615384615,4.961538461538462,2.923076923076923,7.365384615384615,0.6923076923076923,6.980769230769231,2.076923076923077,6.076923076923077,3.1346153846153846,3.0384615384615383,2.2884615384615383,4.596153846153846,0.3269230769230769,0.019230769230769232,3.0576923076923075,2.9423076923076925,1.3461538461538463,1.5192307692307692,9.653846153846153
414,106997,1e-05,11.441176470588236,3.3823529411764706,6.529411764705882,1.411764705882353,6.411764705882353,0.08823529411764706,5.0,2.823529411764706,4.470588235294118,1.9411764705882353,0.20588235294117646,10.411764705882353,1.3529411764705883,2.5294117647058822,1.411764705882353,1.7058823529411764,5.0,2.2941176470588234,11.382352941176471,4.705882352941177
415,5318599,1e-05,4.888888888888889,1.1851851851851851,7.518518518518518,0.0,0.0,0.5555555555555556,4.444444444444445,8.962962962962964,5.925925925925926,7.037037037037037,1.5925925925925926,0.18518518518518517,3.037037037037037,0.0,0.2222222222222222,3.925925925925926,6.888888888888889,3.8518518518518516,6.703703703703703,4.518518518518518
416,5318599,0.001,4.518518518518518,3.759259259259259,5.722222222222222,4.314814814814815,5.351851851851852,1.462962962962963,5.685185185185185,1.9444444444444444,8.314814814814815,5.777777777777778,4.444444444444445,8.5,6.037037037037037,0.35185185185185186,0.5370370370370371,2.1666666666666665,12.88888888888889,2.9814814814814814,3.9814814814814814,13.87037037037037
417,61130,1e-05,4.104166666666667,3.5833333333333335,6.041666666666667,1.6458333333333333,4.583333333333333,3.4583333333333335,11.708333333333334,6.208333333333333,6.875,6.333333333333333,6.875,3.375,9.125,1.0625,0.08333333333333333,0.020833333333333332,4.958333333333333,2.4583333333333335,3.4166666666666665,18.4375
418,61130,1e-07,7.1923076923076925,5.461538461538462,4.730769230769231,3.8461538461538463,1.5,1.5384615384615385,7.0,1.3076923076923077,2.923076923076923,0.6923076923076923,3.923076923076923,0.8461538461538461,6.115384615384615,0.6538461538461539,1.0769230769230769,4.5,8.0,1.6153846153846154,4.423076923076923,5.384615384615385
419,62725,1e-05,2.6666666666666665,5.588235294117647,4.705882352941177,1.9019607843137254,5.098039215686274,1.8431372549019607,2.3529411764705883,3.627450980392157,8.058823529411764,4.411764705882353,4.411764705882353,5.03921568627451,4.333333333333333,1.7450980392156863,3.0392156862745097,2.1372549019607843,4.392156862745098,0.0392156862745098,4.333333333333333,18.96078431372549
420,62725,1e-07,3.25,0.75,5.583333333333333,0.1111111111111111,2.8055555555555554,0.4444444444444444,5.916666666666667,4.611111111111111,2.25,3.0277777777777777,6.166666666666667,2.3055555555555554,5.138888888888889,4.277777777777778,0.8055555555555556,1.6666666666666667,1.5555555555555556,0.05555555555555555,2.5,9.972222222222221
421,641423,1e-05,3.3658536585365852,2.6341463414634148,4.804878048780488,3.0,5.195121951219512,5.121951219512195,11.878048780487806,2.658536585365854,2.731707317073171,3.073170731707317,3.1951219512195124,1.2682926829268293,4.121951219512195,1.5853658536585367,1.170731707317073,3.073170731707317,7.073170731707317,2.2439024390243905,7.097560975609756,5.024390243902439
422,641423,0.001,14.28888888888889,1.4444444444444444,2.422222222222222,3.6,3.2888888888888888,1.6666666666666667,5.088888888888889,4.866666666666666,0.9777777777777777,1.7555555555555555,4.977777777777778,3.2222222222222223,3.888888888888889,2.6,0.2,6.644444444444445,24.866666666666667,3.488888888888889,7.6,8.733333333333333
423,16255,0.1,7.326923076923077,1.25,2.923076923076923,2.75,1.3846153846153846,1.3461538461538463,4.076923076923077,6.538461538461538,2.0,2.4615384615384617,3.980769230769231,3.3846153846153846,3.2884615384615383,2.8653846153846154,1.3846153846153846,6.288461538461538,15.961538461538462,0.11538461538461539,5.0,12.384615384615385
424,16255,0.001,1.4848484848484849,1.5757575757575757,4.303030303030303,0.8484848484848485,3.6363636363636362,0.9696969696969697,5.181818181818182,3.242424242424242,2.272727272727273,2.8484848484848486,6.7272727272727275,2.787878787878788,1.2424242424242424,3.727272727272727,0.8787878787878788,5.424242424242424,16.939393939393938,3.121212121212121,8.333333333333334,8.575757575757576
425,16324,0.001,1.2545454545454546,1.7818181818181817,0.4,9.236363636363636,5.418181818181818,12.0,15.963636363636363,2.890909090909091,4.418181818181818,4.636363636363637,17.4,4.218181818181818,1.0545454545454545,1.6181818181818182,1.0909090909090908,5.672727272727273,8.654545454545454,0.36363636363636365,4.8,8.854545454545455
426,16324,1e-05,2.5609756097560976,1.6097560975609757,1.170731707317073,5.878048780487805,4.0,5.829268292682927,9.585365853658537,5.829268292682927,5.463414634146342,1.6097560975609757,11.682926829268293,1.7317073170731707,6.804878048780488,3.5121951219512195,2.682926829268293,0.3902439024390244,1.4390243902439024,2.5609756097560976,3.4878048780487805,8.024390243902438
427,89440,0.001,18.676470588235293,0.47058823529411764,0.029411764705882353,0.029411764705882353,0.0,1.4411764705882353,5.529411764705882,6.735294117647059,3.411764705882353,0.7647058823529411,3.911764705882353,0.4117647058823529,5.294117647058823,0.0,1.8529411764705883,1.0294117647058822,16.794117647058822,0.9117647058823529,1.7352941176470589,8.147058823529411
428,89440,0.1,19.807692307692307,4.615384615384615,4.019230769230769,3.7884615384615383,2.8076923076923075,0.19230769230769232,9.01923076923077,6.038461538461538,2.5384615384615383,0.6923076923076923,2.5576923076923075,2.4423076923076925,4.4423076923076925,0.9615384615384616,0.019230769230769232,4.038461538461538,20.173076923076923,0.2692307692307692,1.6538461538461537,9.307692307692308
429,16537,0.001,4.295454545454546,3.1363636363636362,0.5454545454545454,6.909090909090909,11.863636363636363,4.75,11.068181818181818,2.090909090909091,3.522727272727273,2.0,5.818181818181818,3.0681818181818183,2.840909090909091,2.022727272727273,0.6136363636363636,0.5227272727272727,2.909090909090909,0.9772727272727273,1.7272727272727273,13.954545454545455
430,16537,1e-05,2.75,5.8125,3.75,4.0,0.25,0.375,11.8125,2.4375,0.0,0.25,6.9375,4.5625,1.25,5.25,2.1875,0.0,10.5625,0.1875,1.6875,9.5625
431,61293,1e-05,6.8,6.485714285714286,4.885714285714286,0.8,0.2571428571428571,1.1714285714285715,8.514285714285714,7.171428571428572,2.4857142857142858,2.2857142857142856,3.2285714285714286,0.6857142857142857,5.3428571428571425,2.4571428571428573,2.4857142857142858,0.8571428571428571,7.142857142857143,0.02857142857142857,1.7142857142857142,4.228571428571429
432,61293,0.001,10.018181818181818,3.672727272727273,2.4363636363636365,2.7454545454545456,1.9272727272727272,8.654545454545454,3.5454545454545454,4.581818181818182,3.618181818181818,3.5272727272727273,6.454545454545454,2.8727272727272726,2.2545454545454544,1.6363636363636365,2.3636363636363638,8.345454545454546,13.054545454545455,0.8909090909090909,5.454545454545454,9.709090909090909
433,1550470,0.001,1.7777777777777777,0.7407407407407407,0.2222222222222222,3.537037037037037,5.037037037037037,9.11111111111111,9.166666666666666,2.5185185185185186,10.222222222222221,5.166666666666667,10.25925925925926,3.6296296296296298,5.722222222222222,3.5925925925925926,0.25925925925925924,4.0,5.666666666666667,0.037037037037037035,4.037037037037037,23.72222222222222
434,1550470,1e-05,1.84,0.0,5.44,3.48,4.4,3.68,4.12,7.8,4.24,0.0,0.44,7.8,4.52,4.64,1.48,1.52,8.92,1.56,11.4,11.4
435,520108,1e-05,1.8727272727272728,0.5818181818181818,7.2727272727272725,3.0727272727272728,1.509090909090909,3.4,5.1454545454545455,8.4,0.9272727272727272,3.581818181818182,2.290909090909091,1.9272727272727272,10.6,5.6909090909090905,0.45454545454545453,0.10909090909090909,7.472727272727273,14.672727272727272,19.418181818181818,4.654545454545454
436,520108,0.001,0.46153846153846156,1.2115384615384615,5.096153846153846,1.6346153846153846,2.3653846153846154,3.8846153846153846,8.51923076923077,10.653846153846153,2.4615384615384617,12.423076923076923,2.730769230769231,1.2307692307692308,10.23076923076923,5.788461538461538,0.1346153846153846,0.23076923076923078,7.4423076923076925,10.576923076923077,15.326923076923077,3.326923076923077
437,62444,1e-05,0.09090909090909091,0.6181818181818182,1.3636363636363635,23.29090909090909,7.090909090909091,9.6,9.49090909090909,2.7818181818181817,2.5636363636363635,3.1454545454545455,21.036363636363635,1.4,4.072727272727272,3.290909090909091,5.927272727272728,0.509090909090909,1.709090909090909,0.03636363636363636,1.490909090909091,2.8181818181818183
438,62444,0.001,0.9259259259259259,1.7777777777777777,0.037037037037037035,24.203703703703702,2.2037037037037037,7.62962962962963,7.0,3.8518518518518516,5.574074074074074,6.037037037037037,19.25925925925926,2.740740740740741,3.425925925925926,5.481481481481482,6.537037037037037,0.14814814814814814,1.0925925925925926,0.037037037037037035,0.09259259259259259,8.037037037037036
439,88454,0.001,4.509803921568627,0.39215686274509803,2.176470588235294,3.6862745098039214,2.0,0.7450980392156863,3.549019607843137,3.9607843137254903,3.2745098039215685,2.4705882352941178,3.3137254901960786,0.7254901960784313,2.0588235294117645,1.392156862745098,0.0196078431372549,10.431372549019608,20.0,1.0980392156862746,7.470588235294118,10.098039215686274
440,88454,1e-05,0.0,2.230769230769231,4.461538461538462,2.1538461538461537,0.0,10.153846153846153,13.23076923076923,0.38461538461538464,0.5384615384615384,5.615384615384615,3.6923076923076925,1.9230769230769231,0.0,6.6923076923076925,2.1538461538461537,0.0,6.846153846153846,1.9230769230769231,0.3076923076923077,11.923076923076923
441,32594,1e-05,6.056603773584905,12.30188679245283,6.90566037735849,1.6226415094339623,0.6792452830188679,0.660377358490566,4.60377358490566,8.169811320754716,6.6415094339622645,4.886792452830188,5.226415094339623,3.30188679245283,10.679245283018869,7.452830188679245,0.018867924528301886,1.7547169811320755,5.981132075471698,3.4716981132075473,9.90566037735849,3.30188679245283
442,32594,0.001,2.7454545454545456,7.6909090909090905,7.5636363636363635,2.581818181818182,0.8727272727272727,2.381818181818182,3.672727272727273,5.527272727272727,5.254545454545455,8.2,3.1818181818181817,1.8909090909090909,10.054545454545455,3.6545454545454548,1.2545454545454546,0.18181818181818182,4.472727272727273,2.5272727272727273,4.109090909090909,10.054545454545455
443,2733294,1e-05,1.5714285714285714,1.0,4.238095238095238,4.738095238095238,3.9047619047619047,1.2142857142857142,6.785714285714286,3.761904761904762,5.809523809523809,2.6666666666666665,5.023809523809524,3.1904761904761907,4.190476190476191,3.2142857142857144,0.0,3.3333333333333335,11.333333333333334,1.0952380952380953,0.7142857142857143,13.761904761904763
444,2733294,0.001,5.773584905660377,3.6226415094339623,3.0943396226415096,3.4339622641509435,1.5849056603773586,5.0754716981132075,6.245283018867925,2.2452830188679247,7.415094339622642,4.339622641509434,5.471698113207547,4.415094339622642,1.2641509433962264,0.6792452830188679,0.9433962264150944,9.18867924528302,17.28301886792453,0.018867924528301886,4.90566037735849,13.981132075471699
445,8456,0.1,2.2452830188679247,2.056603773584906,7.169811320754717,0.22641509433962265,5.433962264150943,1.4528301886792452,5.584905660377358,2.490566037735849,5.452830188679245,9.264150943396226,1.9433962264150944,3.1132075471698113,8.452830188679245,3.7547169811320753,0.11320754716981132,0.018867924528301886,1.5471698113207548,1.0566037735849056,1.7735849056603774,17.67924528301887
446,8456,0.001,0.041666666666666664,1.1666666666666667,2.875,1.25,2.2916666666666665,0.6666666666666666,8.708333333333334,0.9166666666666666,4.625,8.416666666666666,5.916666666666667,5.125,1.625,1.5833333333333333,0.0,0.08333333333333333,5.416666666666667,0.5,2.0,11.458333333333334
447,5367706,1e-05,4.15,2.2,6.0,0.0,0.0,2.85,8.75,6.0,0.35,2.8,0.25,2.7,3.35,3.05,0.0,0.0,3.8,3.1,3.2,1.05
448,5367706,0.001,3.5853658536585367,6.439024390243903,5.463414634146342,4.219512195121951,3.7804878048780486,2.7560975609756095,7.487804878048781,2.5853658536585367,4.780487804878049,2.024390243902439,3.731707317073171,1.3170731707317074,2.975609756097561,1.4878048780487805,1.975609756097561,1.0975609756097562,3.4146341463414633,1.3658536585365855,1.170731707317073,9.365853658536585
449,595928,0.001,3.1136363636363638,2.8181818181818183,4.886363636363637,0.45454545454545453,1.2272727272727273,3.9545454545454546,7.954545454545454,1.2727272727272727,6.409090909090909,4.636363636363637,4.5,2.6363636363636362,4.318181818181818,2.4318181818181817,1.3636363636363635,2.727272727272727,7.0,0.09090909090909091,1.8409090909090908,19.34090909090909
450,595928,1e-05,1.0,6.2,0.8,4.666666666666667,0.9333333333333333,7.266666666666667,8.133333333333333,4.0,1.4,2.4,12.133333333333333,4.0,1.0666666666666667,2.6,0.0,0.5333333333333333,6.066666666666666,4.6,9.6,11.466666666666667
451,220674,0.1,6.3090909090909095,6.6,7.345454545454546,3.0,2.418181818181818,0.05454545454545454,3.618181818181818,14.181818181818182,6.781818181818182,3.381818181818182,5.345454545454546,8.945454545454545,12.981818181818182,1.7454545454545454,0.509090909090909,3.8181818181818183,16.818181818181817,2.418181818181818,7.4,18.181818181818183
452,220674,0.001,6.044444444444444,4.622222222222222,2.7555555555555555,1.3333333333333333,1.4444444444444444,4.066666666666666,4.7555555555555555,3.088888888888889,2.6444444444444444,2.7333333333333334,3.066666666666667,2.2666666666666666,0.9777777777777777,2.2888888888888888,0.35555555555555557,3.7555555555555555,12.088888888888889,2.6222222222222222,4.088888888888889,7.222222222222222
453,17525,0.001,1.2708333333333333,0.6666666666666666,0.8958333333333334,9.833333333333334,5.416666666666667,4.333333333333333,9.541666666666666,4.8125,4.020833333333333,2.3541666666666665,14.645833333333334,3.875,4.6875,1.9791666666666667,1.7708333333333333,2.9583333333333335,6.8125,2.5625,3.6666666666666665,13.166666666666666
454,17525,1e-05,1.6785714285714286,3.5,2.8214285714285716,1.8928571428571428,0.5357142857142857,6.071428571428571,7.464285714285714,1.0,4.357142857142857,3.8214285714285716,4.821428571428571,3.1785714285714284,0.75,5.964285714285714,1.8571428571428572,0.5714285714285714,4.892857142857143,0.0,2.357142857142857,7.535714285714286
455,17617,0.001,8.264150943396226,3.1132075471698113,2.509433962264151,0.3018867924528302,1.8679245283018868,0.1320754716981132,5.509433962264151,9.433962264150944,4.283018867924528,1.150943396226415,2.4150943396226414,0.4716981132075472,11.0,0.05660377358490566,0.2830188679245283,10.226415094339623,19.830188679245282,6.188679245283019,19.132075471698112,3.7169811320754715
456,17617,1e-05,2.0384615384615383,4.153846153846154,6.961538461538462,0.0,2.0384615384615383,1.0769230769230769,8.807692307692308,2.8076923076923075,4.5,4.461538461538462,4.538461538461538,0.7692307692307693,0.07692307692307693,0.8461538461538461,0.0,4.153846153846154,14.961538461538462,0.5769230769230769,3.3076923076923075,4.538461538461538
457,520296,1e-05,4.090909090909091,0.5454545454545454,3.727272727272727,2.0606060606060606,4.303030303030303,7.818181818181818,7.666666666666667,3.878787878787879,4.0,4.484848484848484,6.0,3.515151515151515,3.5454545454545454,1.4242424242424243,0.18181818181818182,2.0,4.2727272727272725,0.8787878787878788,3.8484848484848486,12.242424242424242
458,520296,0.001,8.044444444444444,1.5555555555555556,5.666666666666667,2.977777777777778,5.088888888888889,8.755555555555556,10.71111111111111,7.488888888888889,8.422222222222222,7.066666666666666,11.0,3.1333333333333333,3.911111111111111,5.044444444444444,2.1555555555555554,5.088888888888889,8.844444444444445,0.8444444444444444,6.266666666666667,8.644444444444444
459,62465,0.001,2.1666666666666665,0.9814814814814815,5.796296296296297,4.425925925925926,2.9444444444444446,0.2037037037037037,3.259259259259259,7.611111111111111,5.981481481481482,9.092592592592593,3.0925925925925926,2.1481481481481484,9.962962962962964,4.555555555555555,0.037037037037037035,0.018518518518518517,4.962962962962963,5.777777777777778,11.425925925925926,11.333333333333334
460,62465,1e-05,1.2549019607843137,0.27450980392156865,6.392156862745098,2.0,1.9411764705882353,0.7843137254901961,6.392156862745098,7.333333333333333,1.7058823529411764,9.176470588235293,3.9411764705882355,1.5686274509803921,15.490196078431373,2.411764705882353,2.549019607843137,0.21568627450980393,5.254901960784314,3.4901960784313726,7.098039215686274,2.5098039215686274
461,93375,1e-05,7.384615384615385,8.0,1.8461538461538463,0.038461538461538464,0.038461538461538464,1.1538461538461537,6.269230769230769,2.4615384615384617,0.6153846153846154,0.6153846153846154,5.653846153846154,2.5384615384615383,5.538461538461538,2.730769230769231,1.0,5.3076923076923075,10.384615384615385,2.3846153846153846,7.730769230769231,1.0
462,93375,0.001,2.5098039215686274,4.215686274509804,5.568627450980392,2.6666666666666665,3.6862745098039214,2.372549019607843,8.137254901960784,1.5686274509803921,7.0588235294117645,3.9019607843137254,10.686274509803921,5.294117647058823,5.176470588235294,0.6078431372549019,0.7058823529411765,5.607843137254902,6.666666666666667,1.5686274509803921,8.411764705882353,12.254901960784315
463,17898,1e-05,0.018518518518518517,1.3148148148148149,2.0185185185185186,4.777777777777778,1.6111111111111112,2.185185185185185,2.2037037037037037,7.2407407407407405,0.9074074074074074,8.703703703703704,1.0185185185185186,0.2962962962962963,8.75925925925926,0.6666666666666666,0.24074074074074073,0.7407407407407407,11.555555555555555,15.703703703703704,18.90740740740741,5.7592592592592595
464,17898,0.001,0.01818181818181818,2.8363636363636364,6.254545454545455,6.345454545454546,6.0181818181818185,2.4727272727272727,9.381818181818181,8.654545454545454,6.345454545454546,11.8,5.654545454545454,1.2181818181818183,10.2,0.8,0.01818181818181818,0.6909090909090909,6.7272727272727275,10.836363636363636,9.6,12.981818181818182
465,62835,1e-07,3.736842105263158,0.34210526315789475,1.0263157894736843,2.6842105263157894,7.157894736842105,2.4210526315789473,5.605263157894737,4.657894736842105,3.236842105263158,9.710526315789474,6.947368421052632,2.6842105263157894,4.894736842105263,6.7105263157894735,0.9473684210526315,1.0526315789473684,8.447368421052632,9.736842105263158,8.078947368421053,4.921052631578948
466,62835,1e-05,1.8148148148148149,3.5555555555555554,4.333333333333333,0.7962962962962963,1.3703703703703705,0.8518518518518519,3.5555555555555554,8.962962962962964,1.9444444444444444,7.148148148148148,2.5,1.8703703703703705,10.981481481481481,2.759259259259259,0.3333333333333333,1.2407407407407407,24.98148148148148,8.518518518518519,15.537037037037036,3.5185185185185186
467,9256,0.001,4.857142857142857,3.942857142857143,3.0285714285714285,0.8,2.5428571428571427,4.0285714285714285,9.428571428571429,0.4,2.942857142857143,5.885714285714286,5.742857142857143,2.4857142857142858,10.371428571428572,4.828571428571428,2.3714285714285714,0.08571428571428572,3.6,0.05714285714285714,4.885714285714286,8.628571428571428
468,9256,1e-05,5.583333333333333,1.375,4.25,2.5,2.75,3.9166666666666665,4.416666666666667,1.875,0.6666666666666666,4.75,8.875,1.7083333333333333,2.5416666666666665,3.5833333333333335,0.0,0.125,6.958333333333333,4.291666666666667,4.958333333333333,9.25
469,9261,1e-05,2.3783783783783785,0.7837837837837838,3.945945945945946,10.594594594594595,4.486486486486487,6.513513513513513,8.864864864864865,4.864864864864865,4.324324324324325,7.0,5.162162162162162,4.513513513513513,1.6486486486486487,2.6216216216216215,0.32432432432432434,0.24324324324324326,5.27027027027027,0.0,1.4864864864864864,12.27027027027027
470,9261,0.001,4.892857142857143,3.0714285714285716,1.7857142857142858,0.14285714285714285,0.6428571428571429,1.5,5.892857142857143,2.142857142857143,2.3214285714285716,4.071428571428571,5.714285714285714,0.8928571428571429,6.357142857142857,7.392857142857143,0.0,0.0,8.071428571428571,1.2142857142857142,4.178571428571429,8.392857142857142
471,18467,0.001,0.3269230769230769,0.019230769230769232,4.019230769230769,0.9615384615384616,4.3076923076923075,4.5,10.057692307692308,6.961538461538462,3.0961538461538463,4.769230769230769,5.653846153846154,2.3461538461538463,2.1153846153846154,3.6153846153846154,1.2115384615384615,0.4807692307692308,9.538461538461538,6.211538461538462,10.403846153846153,12.75
472,18467,1e-05,6.372093023255814,2.302325581395349,6.651162790697675,0.7906976744186046,0.9767441860465116,2.511627906976744,9.930232558139535,10.581395348837209,1.930232558139535,4.627906976744186,5.348837209302325,0.13953488372093023,3.8372093023255816,1.3255813953488371,0.6744186046511628,0.5581395348837209,13.255813953488373,8.116279069767442,7.534883720930233,3.2325581395348837
473,3578033,1e-05,1.3571428571428572,0.8571428571428571,2.3333333333333335,1.9285714285714286,0.6904761904761905,4.595238095238095,8.404761904761905,3.5714285714285716,5.0,0.5238095238095238,11.428571428571429,2.8333333333333335,4.690476190476191,2.357142857142857,1.4047619047619047,1.7380952380952381,7.071428571428571,3.142857142857143,3.4047619047619047,9.19047619047619
474,3578033,0.001,0.43636363636363634,0.45454545454545453,4.0181818181818185,4.0,4.581818181818182,10.272727272727273,12.418181818181818,4.472727272727273,7.7272727272727275,6.909090909090909,10.727272727272727,3.963636363636364,3.5636363636363635,0.6909090909090909,1.0727272727272728,3.327272727272727,4.254545454545455,0.9636363636363636,1.5818181818181818,16.490909090909092
475,18554,1e-05,7.033333333333333,2.966666666666667,13.5,7.5,2.2,2.7666666666666666,21.733333333333334,0.3333333333333333,0.43333333333333335,4.466666666666667,6.733333333333333,2.2333333333333334,0.23333333333333334,2.0,2.7333333333333334,1.0,2.8333333333333335,2.4,2.8,7.633333333333334
476,18554,0.001,0.8181818181818182,0.1590909090909091,1.2954545454545454,3.772727272727273,3.7045454545454546,0.9545454545454546,1.7045454545454546,6.318181818181818,10.795454545454545,3.909090909090909,5.204545454545454,2.477272727272727,4.954545454545454,1.5681818181818181,0.0,0.0,4.931818181818182,0.022727272727272728,0.8181818181818182,25.386363636363637
477,18635,1e-05,0.9622641509433962,0.18867924528301888,1.1320754716981132,14.226415094339623,7.037735849056604,5.69811320754717,8.0,7.226415094339623,2.3962264150943398,4.320754716981132,11.433962264150944,0.2641509433962264,4.415094339622642,4.018867924528302,9.566037735849056,0.6981132075471698,1.7924528301886793,2.30188679245283,11.358490566037736,6.339622641509434
478,18635,1e-07,2.2653061224489797,0.5102040816326531,1.346938775510204,4.408163265306122,3.5714285714285716,6.877551020408164,8.877551020408163,10.0,2.938775510204082,3.2448979591836733,5.836734693877551,0.20408163265306123,11.571428571428571,5.183673469387755,2.857142857142857,2.7755102040816326,0.9591836734693877,2.0816326530612246,11.489795918367347,3.0816326530612246
479,61918,0.001,1.309090909090909,6.672727272727273,5.454545454545454,6.509090909090909,6.890909090909091,2.727272727272727,9.6,10.072727272727272,3.8727272727272726,6.072727272727272,5.636363636363637,0.8727272727272727,5.036363636363636,1.2727272727272727,2.618181818181818,0.2727272727272727,3.7818181818181817,5.509090909090909,5.0181818181818185,15.454545454545455
480,61918,1e-05,0.5365853658536586,10.487804878048781,3.707317073170732,8.146341463414634,0.024390243902439025,3.682926829268293,5.7560975609756095,4.560975609756097,1.4146341463414633,6.2682926829268295,6.804878048780488,4.414634146341464,1.4390243902439024,1.853658536585366,2.317073170731707,0.0,3.4390243902439024,3.024390243902439,4.804878048780488,3.3902439024390243
481,2969,0.001,0.42,2.5,5.62,4.74,4.2,7.9,9.04,2.92,7.32,8.8,7.66,2.82,5.04,1.32,0.02,0.16,0.74,0.68,0.0,11.06
482,2969,0.1,2.462962962962963,1.7962962962962963,8.25925925925926,2.5185185185185186,5.055555555555555,6.796296296296297,10.25925925925926,6.277777777777778,7.666666666666667,5.722222222222222,7.277777777777778,3.4074074074074074,2.7777777777777777,3.5555555555555554,1.1481481481481481,0.018518518518518517,1.6851851851851851,0.018518518518518517,0.018518518518518517,16.51851851851852
483,5365049,1e-05,7.730769230769231,5.346153846153846,1.6538461538461537,1.8076923076923077,0.6153846153846154,3.8846153846153846,4.538461538461538,1.9230769230769231,1.0,0.9230769230769231,3.423076923076923,2.423076923076923,3.269230769230769,1.6923076923076923,0.6153846153846154,2.769230769230769,10.307692307692308,0.038461538461538464,0.038461538461538464,7.230769230769231
484,5365049,0.001,8.461538461538462,11.173076923076923,1.0,4.019230769230769,0.3269230769230769,1.4230769230769231,2.75,2.0576923076923075,0.7692307692307693,1.2692307692307692,6.211538461538462,6.923076923076923,2.5576923076923075,0.019230769230769232,0.0,14.807692307692308,20.21153846153846,2.4615384615384617,7.461538461538462,4.769230769230769
485,18827,0.001,3.8363636363636364,5.6,4.181818181818182,4.818181818181818,4.236363636363636,1.7818181818181817,8.690909090909091,3.1636363636363636,8.49090909090909,6.7272727272727275,8.563636363636364,9.327272727272728,6.254545454545455,0.509090909090909,0.36363636363636365,1.6,4.654545454545454,2.690909090909091,6.236363636363636,13.381818181818181
486,18827,1e-05,3.3,2.425,5.85,2.025,1.925,3.775,10.125,6.175,4.275,3.3,3.5,4.775,2.35,1.075,2.85,0.775,2.875,0.55,1.225,7.675
487,36822,1e-05,0.7222222222222222,0.7962962962962963,3.9074074074074074,2.611111111111111,2.0555555555555554,3.1481481481481484,8.277777777777779,7.296296296296297,3.4444444444444446,8.37037037037037,1.7592592592592593,1.9074074074074074,6.018518518518518,2.9074074074074074,0.5740740740740741,1.2592592592592593,9.203703703703704,8.574074074074074,21.62962962962963,7.314814814814815
488,36822,1e-07,0.6,5.857142857142857,3.8,3.257142857142857,2.8857142857142857,3.914285714285714,18.82857142857143,3.4857142857142858,2.085714285714286,3.342857142857143,5.285714285714286,0.5428571428571428,8.257142857142858,2.5142857142857142,0.02857142857142857,0.17142857142857143,4.685714285714286,4.3428571428571425,10.2,5.542857142857143
489,6999977,1e-05,4.814814814814815,0.6666666666666666,3.925925925925926,8.296296296296296,1.7407407407407407,4.037037037037037,7.592592592592593,5.7407407407407405,1.962962962962963,4.703703703703703,9.185185185185185,0.8888888888888888,2.2962962962962963,4.148148148148148,0.0,7.333333333333333,12.62962962962963,0.37037037037037035,3.6296296296296298,11.25925925925926
490,6999977,0.001,2.702127659574468,1.851063829787234,2.3404255319148937,2.6382978723404253,0.5531914893617021,3.0425531914893615,1.9148936170212767,3.2127659574468086,0.8936170212765957,2.0851063829787235,8.212765957446809,1.553191489361702,3.595744680851064,3.25531914893617,0.23404255319148937,1.0212765957446808,11.808510638297872,9.085106382978724,9.659574468085106,7.25531914893617
491,9589,1e-05,4.586206896551724,3.0689655172413794,4.275862068965517,2.6551724137931036,4.724137931034483,2.896551724137931,6.620689655172414,2.1724137931034484,1.2758620689655173,3.4827586206896552,2.3448275862068964,6.241379310344827,2.689655172413793,0.06896551724137931,0.4827586206896552,0.3103448275862069,11.551724137931034,3.103448275862069,5.655172413793103,6.931034482758621
492,9589,0.001,1.8727272727272728,2.0,5.909090909090909,6.127272727272727,5.5636363636363635,4.1454545454545455,8.872727272727273,7.6909090909090905,2.0,15.327272727272728,4.327272727272727,0.03636363636363636,5.072727272727272,3.090909090909091,0.12727272727272726,0.5454545454545454,2.963636363636364,5.1454545454545455,7.381818181818182,5.8545454545454545
493,61945,1e-05,1.8846153846153846,4.5,4.1923076923076925,1.7692307692307692,1.1923076923076923,1.7692307692307692,11.384615384615385,3.5384615384615383,3.6153846153846154,8.26923076923077,2.5,7.8076923076923075,5.346153846153846,2.076923076923077,0.0,1.1538461538461537,6.076923076923077,1.3076923076923077,2.269230769230769,7.615384615384615
494,61945,1e-07,5.3,0.05,1.25,0.2,3.6,1.85,5.15,0.95,1.65,0.6,3.3,3.75,5.05,3.65,0.05,1.85,9.65,3.0,4.65,7.65
495,9609,1e-07,1.7826086956521738,4.6521739130434785,3.347826086956522,6.130434782608695,7.0,1.391304347826087,5.086956521739131,4.782608695652174,5.565217391304348,0.9565217391304348,13.0,7.608695652173913,2.739130434782609,2.739130434782609,0.0,0.0,7.565217391304348,0.7391304347826086,1.4782608695652173,7.173913043478261
496,9609,1e-05,1.9791666666666667,3.1458333333333335,0.875,8.1875,5.8125,2.8541666666666665,7.729166666666667,2.8125,3.3125,4.583333333333333,8.291666666666666,0.625,3.6458333333333335,9.1875,4.0625,0.14583333333333334,4.541666666666667,0.7916666666666666,3.9166666666666665,5.416666666666667
497,101604,1e-05,8.76086956521739,0.6086956521739131,0.3695652173913043,2.0652173913043477,0.0,0.021739130434782608,0.6304347826086957,2.217391304347826,0.13043478260869565,1.4130434782608696,1.173913043478261,4.1521739130434785,2.4347826086956523,0.0,0.0,17.108695652173914,33.65217391304348,3.0434782608695654,13.804347826086957,7.326086956521739
498,101604,0.001,8.568627450980392,3.0980392156862746,1.9019607843137254,1.6862745098039216,0.6274509803921569,1.1372549019607843,1.4313725490196079,8.490196078431373,1.2745098039215685,1.0,4.0,4.215686274509804,7.647058823529412,0.0,0.0,23.607843137254903,34.0,6.2745098039215685,16.352941176470587,3.4901960784313726
499,19310,1e-07,1.1923076923076923,1.0576923076923077,1.3461538461538463,13.173076923076923,8.307692307692308,4.653846153846154,12.0,5.615384615384615,6.153846153846154,4.288461538461538,15.153846153846153,3.5,15.23076923076923,21.03846153846154,10.134615384615385,0.057692307692307696,1.8846153846153846,4.538461538461538,9.75,8.192307692307692
500,19310,1e-05,0.2962962962962963,1.0,2.0555555555555554,12.574074074074074,7.12962962962963,7.2592592592592595,10.037037037037036,4.407407407407407,12.12962962962963,10.75925925925926,10.24074074074074,1.3888888888888888,13.648148148148149,20.22222222222222,14.518518518518519,0.0,0.25925925925925924,0.3888888888888889,6.018518518518518,13.055555555555555
501,2682,0.001,3.176470588235294,1.6764705882352942,7.0588235294117645,3.911764705882353,3.676470588235294,2.4705882352941178,9.558823529411764,1.2941176470588236,1.3529411764705883,1.6764705882352942,4.4411764705882355,5.0588235294117645,2.4705882352941178,1.9411764705882353,3.088235294117647,0.029411764705882353,2.0294117647058822,0.029411764705882353,3.1176470588235294,10.941176470588236
502,2682,0.1,1.7142857142857142,1.2857142857142858,5.122448979591836,2.510204081632653,0.5918367346938775,2.2653061224489797,6.63265306122449,8.571428571428571,1.6734693877551021,8.979591836734693,5.571428571428571,2.7346938775510203,3.1020408163265305,3.6530612244897958,1.4285714285714286,0.061224489795918366,5.020408163265306,4.163265306122449,10.428571428571429,4.612244897959184
503,5363388,1e-05,8.731707317073171,2.317073170731707,0.8780487804878049,1.3414634146341464,0.5609756097560976,0.0,0.21951219512195122,3.707317073170732,0.6341463414634146,0.8292682926829268,2.6341463414634148,6.878048780487805,2.682926829268293,0.07317073170731707,0.12195121951219512,14.048780487804878,29.609756097560975,5.024390243902439,16.21951219512195,3.8292682926829267
504,5363388,0.001,9.943396226415095,10.132075471698114,2.4339622641509435,0.8113207547169812,0.8113207547169812,1.4150943396226414,0.7358490566037735,5.9245283018867925,1.6226415094339623,2.4716981132075473,2.830188679245283,2.2452830188679247,3.6226415094339623,0.1509433962264151,0.03773584905660377,17.9811320754717,22.28301886792453,2.69811320754717,15.226415094339623,3.9056603773584904
505,62087,1e-05,3.111111111111111,0.0,0.7777777777777778,6.166666666666667,15.86111111111111,2.0833333333333335,7.472222222222222,3.3333333333333335,5.166666666666667,5.694444444444445,9.916666666666666,8.63888888888889,4.277777777777778,1.8055555555555556,2.7222222222222223,0.0,8.277777777777779,4.611111111111111,7.861111111111111,8.86111111111111
506,62087,1e-07,4.571428571428571,4.190476190476191,8.571428571428571,0.047619047619047616,4.380952380952381,1.5714285714285714,2.4761904761904763,10.380952380952381,3.619047619047619,2.3333333333333335,3.1904761904761907,4.476190476190476,6.714285714285714,2.3333333333333335,0.14285714285714285,0.42857142857142855,5.095238095238095,0.5714285714285714,0.8095238095238095,7.476190476190476
507,1549778,0.001,2.511627906976744,5.930232558139535,4.093023255813954,0.46511627906976744,6.325581395348837,7.232558139534884,8.255813953488373,3.116279069767442,6.837209302325581,6.046511627906977,13.0,3.116279069767442,2.627906976744186,3.7906976744186047,2.395348837209302,2.4651162790697674,4.837209302325581,0.7441860465116279,4.488372093023256,10.395348837209303
508,1549778,1e-05,1.6956521739130435,1.9565217391304348,2.739130434782609,1.434782608695652,2.0869565217391304,0.9130434782608695,4.3478260869565215,1.565217391304348,2.739130434782609,0.391304347826087,7.782608695652174,4.869565217391305,0.30434782608695654,1.6956521739130435,1.9130434782608696,0.2608695652173913,3.8260869565217392,2.217391304347826,2.4347826086956523,3.6956521739130435
509,62900,1e-05,3.7333333333333334,1.8888888888888888,3.4444444444444446,1.2,0.2,1.6888888888888889,3.4444444444444446,2.022222222222222,1.488888888888889,0.6,3.1555555555555554,3.066666666666667,4.955555555555556,0.6666666666666666,0.6444444444444445,6.711111111111111,22.11111111111111,7.022222222222222,14.577777777777778,4.4222222222222225
510,62900,0.001,10.407407407407407,0.6111111111111112,1.7777777777777777,0.9259259259259259,0.018518518518518517,0.018518518518518517,3.9814814814814814,5.722222222222222,0.5,1.037037037037037,0.7407407407407407,3.185185185185185,5.37037037037037,0.4444444444444444,0.018518518518518517,13.685185185185185,34.24074074074074,12.074074074074074,19.24074074074074,6.592592592592593
511,62902,1e-05,17.055555555555557,6.111111111111111,1.1296296296296295,1.2592592592592593,0.018518518518518517,1.962962962962963,5.574074074074074,5.555555555555555,2.6481481481481484,0.8703703703703703,6.962962962962963,1.8888888888888888,2.7777777777777777,1.8703703703703705,0.018518518518518517,22.703703703703702,32.592592592592595,6.12962962962963,19.314814814814813,5.277777777777778
512,62902,0.001,15.036363636363637,2.1272727272727274,0.07272727272727272,1.709090909090909,0.2727272727272727,0.09090909090909091,0.45454545454545453,7.5636363636363635,2.909090909090909,0.18181818181818182,10.945454545454545,3.4909090909090907,0.2727272727272727,0.01818181818181818,0.03636363636363636,32.85454545454545,48.472727272727276,4.636363636363637,24.163636363636364,7.8
513,98330,0.1,0.01818181818181818,0.23636363636363636,0.2545454545454545,19.181818181818183,5.254545454545455,5.1454545454545455,5.1454545454545455,5.618181818181818,3.0,13.090909090909092,9.818181818181818,2.109090909090909,2.5454545454545454,7.709090909090909,5.4,1.2181818181818183,1.9454545454545455,3.727272727272727,8.909090909090908,8.127272727272727
514,98330,0.001,0.018518518518518517,0.14814814814814814,0.2222222222222222,18.87037037037037,8.222222222222221,3.8333333333333335,10.425925925925926,4.925925925925926,8.925925925925926,16.296296296296298,8.203703703703704,1.7222222222222223,4.092592592592593,4.685185185185185,5.277777777777778,0.12962962962962962,0.25925925925925924,1.2962962962962963,6.12962962962963,16.22222222222222
515,61325,0.001,0.3333333333333333,2.611111111111111,2.1481481481481484,2.0555555555555554,4.018518518518518,9.12962962962963,9.88888888888889,4.62962962962963,8.185185185185185,6.796296296296297,18.22222222222222,2.5925925925925926,4.333333333333333,2.240740740740741,0.018518518518518517,0.5185185185185185,2.4074074074074074,1.4074074074074074,3.611111111111111,15.407407407407407
516,61325,1e-05,0.7307692307692307,1.2884615384615385,3.076923076923077,6.1923076923076925,4.0576923076923075,3.326923076923077,8.096153846153847,7.25,5.115384615384615,5.480769230769231,10.942307692307692,2.173076923076923,4.730769230769231,1.2307692307692308,1.7692307692307692,0.09615384615384616,4.423076923076923,3.019230769230769,3.8076923076923075,8.75
517,61331,0.001,4.938775510204081,2.2653061224489797,1.1224489795918366,4.163265306122449,7.1020408163265305,4.36734693877551,10.673469387755102,0.9591836734693877,5.63265306122449,1.7142857142857142,9.63265306122449,3.836734693877551,6.142857142857143,0.02040816326530612,0.5306122448979592,0.3877551020408163,7.0,0.04081632653061224,0.6122448979591837,16.73469387755102
518,61331,0.1,6.055555555555555,4.2592592592592595,1.037037037037037,3.7777777777777777,4.666666666666667,5.425925925925926,10.88888888888889,6.074074074074074,4.2592592592592595,5.444444444444445,3.574074074074074,4.314814814814815,8.574074074074074,1.2592592592592593,1.1666666666666667,1.3148148148148149,7.925925925925926,1.5555555555555556,2.685185185185185,11.925925925925926
519,5365027,1e-05,2.0425531914893615,4.085106382978723,6.51063829787234,1.297872340425532,2.25531914893617,6.468085106382978,7.170212765957447,4.680851063829787,4.191489361702128,5.9361702127659575,2.6595744680851063,3.234042553191489,2.2127659574468086,1.1702127659574468,0.8723404255319149,0.1702127659574468,2.8297872340425534,0.3829787234042553,0.02127659574468085,10.574468085106384
520,5365027,0.001,3.074074074074074,5.462962962962963,1.8518518518518519,3.814814814814815,5.351851851851852,5.185185185185185,6.018518518518518,7.851851851851852,7.222222222222222,4.37037037037037,7.148148148148148,1.6851851851851851,3.074074074074074,0.2777777777777778,2.1666666666666665,4.962962962962963,4.888888888888889,1.4259259259259258,5.277777777777778,17.61111111111111
521,5352539,0.001,7.944444444444445,8.944444444444445,0.8888888888888888,2.611111111111111,1.3333333333333333,2.111111111111111,2.5185185185185186,3.9074074074074074,3.6666666666666665,3.037037037037037,4.888888888888889,2.3518518518518516,6.074074074074074,0.4074074074074074,2.4074074074074074,7.944444444444445,12.38888888888889,1.0185185185185186,4.018518518518518,10.12962962962963
522,5352539,1e-05,3.3,4.1,3.7666666666666666,1.1,4.566666666666666,5.5,5.833333333333333,2.533333333333333,3.2,1.9,8.433333333333334,3.933333333333333,4.633333333333334,3.8333333333333335,1.5333333333333334,0.26666666666666666,2.2,0.0,2.6,11.2
523,637563,1e-05,3.7567567567567566,2.6216216216216215,3.4594594594594597,1.1081081081081081,2.081081081081081,0.0,2.108108108108108,5.027027027027027,3.27027027027027,0.9459459459459459,1.837837837837838,2.7027027027027026,3.5675675675675675,0.1891891891891892,0.0,4.54054054054054,8.27027027027027,0.08108108108108109,1.0810810810810811,6.5675675675675675
524,637563,0.001,5.117647058823529,2.9411764705882355,1.9019607843137254,0.9803921568627451,0.7843137254901961,0.5882352941176471,1.196078431372549,6.764705882352941,0.8431372549019608,1.4901960784313726,2.4901960784313726,2.6862745098039214,10.196078431372548,0.0196078431372549,0.0196078431372549,5.921568627450981,23.88235294117647,3.5686274509803924,10.843137254901961,7.882352941176471
525,61337,1e-05,3.5,2.966666666666667,3.2333333333333334,2.1666666666666665,0.8666666666666667,3.4,4.766666666666667,6.233333333333333,3.933333333333333,3.0,3.2,4.5,16.3,4.633333333333334,3.7666666666666666,0.0,4.133333333333334,0.03333333333333333,5.033333333333333,5.4
526,61337,0.001,0.4716981132075472,0.6792452830188679,3.0,5.3584905660377355,4.09433962264151,0.3584905660377358,6.754716981132075,3.547169811320755,5.283018867924528,5.962264150943396,6.60377358490566,3.1132075471698113,5.471698113207547,2.150943396226415,3.169811320754717,3.6037735849056602,3.0943396226415096,0.03773584905660377,1.1886792452830188,19.867924528301888
527,444683,1e-05,1.40625,4.8125,0.78125,1.03125,3.375,0.15625,4.71875,4.09375,2.28125,4.75,2.03125,1.71875,11.34375,1.96875,3.09375,0.96875,6.625,4.125,3.875,10.21875
528,444683,0.001,2.466666666666667,1.9666666666666666,3.6,2.2,1.5666666666666667,2.466666666666667,7.266666666666667,6.1,0.6333333333333333,2.8333333333333335,3.3333333333333335,4.266666666666667,0.8333333333333334,0.6333333333333333,0.0,2.2,10.233333333333333,2.3,3.2,9.433333333333334
529,5367698,1e-05,2.85,5.05,5.8,0.1,3.4,2.4,9.7,4.5,2.45,1.75,14.85,3.45,4.0,4.15,2.05,0.0,5.5,3.9,2.65,5.95
530,5367698,0.001,5.829787234042553,10.085106382978724,2.765957446808511,3.25531914893617,7.872340425531915,5.553191489361702,9.893617021276595,4.404255319148936,5.148936170212766,6.468085106382978,12.297872340425531,3.3191489361702127,4.76595744680851,2.425531914893617,2.297872340425532,0.3829787234042553,1.425531914893617,1.4680851063829787,2.234042553191489,11.191489361702128
531,650,1e-05,1.530612244897959,4.26530612244898,4.1020408163265305,1.2244897959183674,3.4081632653061225,6.877551020408164,12.489795918367347,5.755102040816326,4.510204081632653,5.163265306122449,9.918367346938776,1.4081632653061225,10.142857142857142,2.816326530612245,1.3673469387755102,0.02040816326530612,0.24489795918367346,2.877551020408163,6.1020408163265305,7.653061224489796
532,650,0.001,0.16666666666666666,2.2777777777777777,2.2962962962962963,2.574074074074074,3.240740740740741,5.462962962962963,7.611111111111111,5.7407407407407405,8.833333333333334,7.555555555555555,14.425925925925926,5.407407407407407,5.407407407407407,2.685185185185185,0.018518518518518517,2.0555555555555554,2.4814814814814814,1.2592592592592593,5.407407407407407,15.277777777777779
533,6429333,1e-07,1.0952380952380953,0.23809523809523808,0.47619047619047616,0.047619047619047616,3.1904761904761907,1.4285714285714286,4.619047619047619,2.0,0.0,0.2857142857142857,5.333333333333333,0.9523809523809523,3.5714285714285716,2.8095238095238093,0.0,1.7142857142857142,4.619047619047619,1.8095238095238095,5.285714285714286,10.238095238095237
534,6429333,1e-05,3.0,4.542857142857143,2.4,1.6,2.3714285714285714,2.942857142857143,11.685714285714285,1.6,2.742857142857143,0.5142857142857142,15.17142857142857,1.6857142857142857,2.8285714285714287,2.657142857142857,1.2285714285714286,0.02857142857142857,5.628571428571429,1.2,3.5142857142857142,2.8
535,159055,0.001,7.215686274509804,6.235294117647059,1.3333333333333333,1.7647058823529411,2.9411764705882355,0.29411764705882354,1.8627450980392157,5.9411764705882355,6.529411764705882,2.2549019607843137,3.450980392156863,5.705882352941177,4.803921568627451,0.13725490196078433,0.1568627450980392,0.1568627450980392,4.980392156862745,0.11764705882352941,1.9019607843137254,23.215686274509803
536,159055,0.1,1.690909090909091,4.327272727272727,0.2,0.6545454545454545,9.145454545454545,0.01818181818181818,3.418181818181818,7.781818181818182,10.072727272727272,1.0727272727272728,2.4,10.563636363636364,8.309090909090909,2.1454545454545455,0.9636363636363636,1.4727272727272727,3.036363636363636,0.05454545454545454,5.0,27.854545454545455
537,2758,1e-05,8.170731707317072,6.780487804878049,1.2682926829268293,1.7804878048780488,1.6585365853658536,0.0,1.6829268292682926,5.317073170731708,2.682926829268293,0.4146341463414634,3.024390243902439,3.317073170731707,12.097560975609756,0.24390243902439024,0.0,3.2439024390243905,15.804878048780488,6.146341463414634,13.21951219512195,11.21951219512195
538,2758,0.001,9.981132075471699,2.5283018867924527,0.018867924528301886,1.7924528301886793,4.018867924528302,1.0943396226415094,2.7358490566037736,5.547169811320755,4.226415094339623,1.3962264150943395,3.0377358490566038,13.50943396226415,2.509433962264151,0.49056603773584906,0.018867924528301886,2.2830188679245285,9.547169811320755,1.8113207547169812,6.452830188679245,20.77358490566038
539,521238,0.001,8.634146341463415,3.6097560975609757,3.1219512195121952,1.4390243902439024,1.4146341463414633,0.8536585365853658,3.2439024390243905,4.097560975609756,3.1463414634146343,1.0975609756097562,3.682926829268293,4.0,5.926829268292683,0.975609756097561,0.1951219512195122,8.878048780487806,17.78048780487805,2.4634146341463414,4.463414634146342,16.48780487804878
540,521238,0.1,11.581818181818182,3.727272727272727,2.890909090909091,2.290909090909091,6.781818181818182,3.8363636363636364,5.345454545454546,7.418181818181818,14.927272727272728,5.381818181818182,7.9818181818181815,3.5636363636363635,7.945454545454545,0.7636363636363637,0.3090909090909091,10.272727272727273,16.072727272727274,1.4727272727272727,4.218181818181818,15.290909090909091
541,10285,1e-07,0.2857142857142857,1.5238095238095237,3.0476190476190474,0.47619047619047616,0.19047619047619047,2.7142857142857144,4.761904761904762,2.0476190476190474,0.42857142857142855,0.2857142857142857,8.619047619047619,2.857142857142857,5.714285714285714,2.619047619047619,0.09523809523809523,1.2857142857142858,4.761904761904762,1.2380952380952381,6.857142857142857,5.809523809523809
542,10285,1e-05,0.17647058823529413,1.7352941176470589,7.852941176470588,5.382352941176471,1.4411764705882353,1.411764705882353,12.264705882352942,5.294117647058823,4.176470588235294,6.205882352941177,4.735294117647059,3.0,0.8823529411764706,0.0,0.058823529411764705,0.0,3.088235294117647,0.0,0.0,8.470588235294118
543,21057,0.001,0.6666666666666666,2.7037037037037037,2.259259259259259,3.888888888888889,5.296296296296297,5.166666666666667,5.203703703703703,2.4074074074074074,6.703703703703703,9.88888888888889,13.685185185185185,3.1481481481481484,3.9814814814814814,1.7962962962962963,1.1481481481481481,3.0925925925925926,4.703703703703703,0.018518518518518517,1.4814814814814814,19.685185185185187
544,21057,1e-05,3.375,5.020833333333333,3.4166666666666665,0.9166666666666666,2.4791666666666665,0.8541666666666666,5.041666666666667,4.104166666666667,6.291666666666667,1.5208333333333333,5.145833333333333,2.2916666666666665,5.916666666666667,1.9791666666666667,1.5416666666666667,2.3958333333333335,4.5,0.041666666666666664,3.875,15.958333333333334
545,2214,0.001,6.172413793103448,0.034482758620689655,3.0344827586206895,3.103448275862069,4.0344827586206895,2.2758620689655173,3.206896551724138,8.96551724137931,0.5517241379310345,1.2758620689655173,9.448275862068966,0.10344827586206896,8.413793103448276,2.793103448275862,0.6551724137931034,3.103448275862069,16.310344827586206,1.5862068965517242,8.96551724137931,6.068965517241379
546,2214,0.1,2.6037735849056602,1.0188679245283019,4.90566037735849,2.7169811320754715,2.188679245283019,0.6981132075471698,7.679245283018868,6.943396226415095,3.5283018867924527,6.377358490566038,5.547169811320755,3.6226415094339623,10.849056603773585,2.4716981132075473,0.22641509433962265,3.188679245283019,4.830188679245283,5.018867924528302,6.6415094339622645,11.830188679245284
547,10364,0.001,2.690909090909091,1.6363636363636365,2.327272727272727,0.2727272727272727,2.5090909090909093,2.418181818181818,5.236363636363636,5.909090909090909,5.836363636363636,5.2727272727272725,1.1272727272727272,3.5090909090909093,20.236363636363638,1.4727272727272727,0.16363636363636364,0.01818181818181818,2.5636363636363635,5.3090909090909095,7.618181818181818,10.0
548,10364,1e-05,2.772727272727273,3.522727272727273,7.295454545454546,1.0909090909090908,1.4318181818181819,0.022727272727272728,5.454545454545454,6.909090909090909,2.5,5.431818181818182,2.0681818181818183,0.045454545454545456,9.613636363636363,3.4318181818181817,0.045454545454545456,0.09090909090909091,1.1136363636363635,2.9318181818181817,5.75,9.454545454545455
549,10400,1e-05,2.52,6.56,5.16,6.48,2.28,1.48,3.4,1.92,3.68,2.36,1.6,8.84,1.96,2.0,3.44,0.4,9.68,0.04,2.88,12.16
550,10400,0.001,3.5294117647058822,0.43137254901960786,0.9019607843137255,2.1176470588235294,7.529411764705882,0.09803921568627451,1.4705882352941178,2.8823529411764706,10.137254901960784,3.9607843137254903,3.235294117647059,7.0588235294117645,3.411764705882353,0.6078431372549019,0.47058823529411764,2.6470588235294117,6.254901960784314,0.1568627450980392,1.4705882352941178,32.1764705882353
551,10430,1e-05,0.018518518518518517,1.3888888888888888,0.12962962962962962,14.796296296296296,7.907407407407407,13.037037037037036,17.185185185185187,2.6666666666666665,5.5,2.7777777777777777,19.22222222222222,1.2407407407407407,1.1111111111111112,2.425925925925926,1.3518518518518519,0.16666666666666666,0.7037037037037037,0.018518518518518517,0.6851851851851852,4.018518518518518
552,10430,1e-07,1.3478260869565217,0.17391304347826086,2.0,11.021739130434783,2.9347826086956523,11.521739130434783,11.521739130434783,2.717391304347826,2.630434782608696,2.0652173913043477,16.608695652173914,0.1956521739130435,1.7826086956521738,3.0869565217391304,4.891304347826087,0.0,1.9565217391304348,1.1956521739130435,0.21739130434782608,8.152173913043478
553,10448,1e-07,0.0,1.1224489795918366,0.7755102040816326,10.775510204081632,3.8979591836734695,3.877551020408163,6.8979591836734695,3.979591836734694,3.1020408163265305,6.040816326530612,12.142857142857142,0.16326530612244897,11.061224489795919,7.714285714285714,6.122448979591836,0.1836734693877551,0.0,1.5510204081632653,5.6938775510204085,5.63265306122449
554,10448,1e-05,0.2,0.07272727272727272,0.8363636363636363,12.381818181818181,7.8545454545454545,5.381818181818182,7.509090909090909,4.181818181818182,7.636363636363637,6.8545454545454545,10.290909090909091,0.6181818181818182,10.309090909090909,18.01818181818182,4.381818181818182,1.4727272727272727,0.2727272727272727,1.3272727272727274,6.709090909090909,10.018181818181818
555,62351,1e-05,0.68,3.56,1.5,7.12,6.82,2.18,7.38,3.64,3.32,3.68,16.44,0.98,8.04,5.56,4.72,2.86,2.78,3.88,6.04,4.36
556,62351,0.001,3.0555555555555554,3.4444444444444446,1.2777777777777777,6.055555555555555,6.962962962962963,2.2962962962962963,5.592592592592593,4.87037037037037,4.981481481481482,2.1666666666666665,9.407407407407407,1.2407407407407407,6.0,7.925925925925926,5.722222222222222,1.1666666666666667,2.259259259259259,0.7037037037037037,6.148148148148148,4.648148148148148
557,5779,0.001,4.052631578947368,2.236842105263158,2.1315789473684212,1.3421052631578947,4.2105263157894735,1.2105263157894737,5.026315789473684,5.0,3.526315789473684,3.5,8.578947368421053,0.15789473684210525,3.763157894736842,1.1578947368421053,0.02631578947368421,3.5,15.026315789473685,5.2368421052631575,13.447368421052632,6.552631578947368
558,5779,0.1,4.962962962962963,1.6666666666666667,1.4074074074074074,2.0185185185185186,1.462962962962963,0.37037037037037035,1.962962962962963,10.833333333333334,2.7222222222222223,6.425925925925926,4.611111111111111,4.555555555555555,5.907407407407407,2.537037037037037,0.2222222222222222,2.5,21.37037037037037,11.703703703703704,16.833333333333332,5.962962962962963
559,5780,0.001,1.6129032258064515,3.193548387096774,2.870967741935484,3.967741935483871,1.3870967741935485,4.967741935483871,4.290322580645161,5.645161290322581,2.4193548387096775,8.03225806451613,9.451612903225806,6.451612903225806,1.903225806451613,2.032258064516129,2.870967741935484,0.0,0.16129032258064516,1.6774193548387097,4.225806451612903,4.774193548387097
560,5780,0.1,2.4339622641509435,1.5849056603773586,2.5849056603773586,12.056603773584905,3.981132075471698,7.283018867924528,9.584905660377359,6.0,4.773584905660377,21.28301886792453,6.735849056603773,0.9056603773584906,3.660377358490566,9.18867924528302,4.716981132075472,0.9056603773584906,0.9811320754716981,2.30188679245283,8.39622641509434,5.471698113207547
561,262,0.001,0.48717948717948717,0.02564102564102564,0.02564102564102564,7.256410256410256,1.564102564102564,4.871794871794871,8.025641025641026,9.153846153846153,2.2564102564102564,1.1025641025641026,10.487179487179487,1.8717948717948718,0.6410256410256411,3.1538461538461537,0.5384615384615384,4.128205128205129,13.974358974358974,10.64102564102564,15.820512820512821,3.3846153846153846
562,262,1e-05,4.4,3.6333333333333333,1.1666666666666667,0.26666666666666666,1.5666666666666667,1.7666666666666666,5.3,0.8666666666666667,1.6666666666666667,0.03333333333333333,5.7,3.033333333333333,1.1,1.6666666666666667,0.03333333333333333,0.03333333333333333,8.733333333333333,0.7,4.6,8.433333333333334
563,1551246,1e-05,8.145833333333334,4.708333333333333,0.625,0.10416666666666667,4.041666666666667,0.3541666666666667,1.0833333333333333,4.020833333333333,4.354166666666667,0.16666666666666666,1.5208333333333333,4.0,4.3125,3.2083333333333335,0.020833333333333332,6.9375,18.145833333333332,1.5625,3.9375,14.520833333333334
564,1551246,0.001,6.254545454545455,2.2181818181818183,1.1818181818181819,0.7272727272727273,7.927272727272728,0.03636363636363636,0.9272727272727272,3.6,11.272727272727273,0.509090909090909,6.781818181818182,8.018181818181818,4.054545454545455,0.03636363636363636,0.03636363636363636,8.127272727272727,17.363636363636363,0.12727272727272726,4.745454545454545,22.436363636363637
565,5610,0.001,8.428571428571429,6.714285714285714,7.714285714285714,0.0,0.0,0.35714285714285715,9.357142857142858,2.0,0.2857142857142857,10.071428571428571,4.357142857142857,3.9285714285714284,1.9285714285714286,0.14285714285714285,0.0,0.0,7.785714285714286,3.357142857142857,4.0,0.9285714285714286
566,5610,0.1,1.8478260869565217,0.0,1.0217391304347827,3.3260869565217392,2.8043478260869565,3.891304347826087,2.8043478260869565,4.369565217391305,9.978260869565217,10.58695652173913,5.086956521739131,1.0869565217391304,2.3043478260869565,0.0,0.0,0.21739130434782608,3.108695652173913,0.32608695652173914,1.326086956521739,17.130434782608695
567,78925,0.001,0.9074074074074074,0.7962962962962963,0.25925925925925924,8.925925925925926,4.518518518518518,6.407407407407407,8.11111111111111,4.648148148148148,2.3518518518518516,3.611111111111111,13.351851851851851,2.685185185185185,13.25925925925926,22.185185185185187,6.518518518518518,0.018518518518518517,2.0185185185185186,3.2037037037037037,11.407407407407407,4.444444444444445
568,78925,1e-05,3.52,2.64,1.92,8.56,3.12,2.16,4.28,3.48,5.44,4.0,10.04,2.88,3.08,5.72,0.68,0.04,1.16,0.6,5.96,6.64
569,5862,0.1,0.02,1.38,0.02,22.1,10.94,5.02,9.46,3.56,7.02,9.46,11.16,0.0,3.66,4.14,5.52,0.0,2.12,0.1,0.52,6.22
570,5862,0.001,0.6666666666666666,4.375,4.291666666666667,2.375,2.3333333333333335,6.0,8.041666666666666,3.0,5.666666666666667,1.5416666666666667,8.791666666666666,4.291666666666667,2.3333333333333335,6.75,4.166666666666667,0.0,5.583333333333333,1.0416666666666667,2.25,8.25
571,10722,0.001,5.090909090909091,1.8545454545454545,1.0545454545454545,1.490909090909091,2.6545454545454548,1.2,4.1454545454545455,5.781818181818182,5.472727272727273,2.036363636363636,3.418181818181818,2.9454545454545453,7.454545454545454,0.43636363636363634,0.23636363636363636,11.036363636363637,28.472727272727273,6.1454545454545455,9.290909090909091,17.418181818181818
572,10722,1e-05,1.3902439024390243,0.43902439024390244,3.1707317073170733,0.024390243902439025,3.2195121951219514,2.5121951219512195,3.682926829268293,4.536585365853658,4.0,3.1219512195121952,5.365853658536586,4.219512195121951,3.5365853658536586,2.926829268292683,0.07317073170731707,6.682926829268292,10.536585365853659,0.926829268292683,6.414634146341464,12.292682926829269
573,21363,0.001,1.3653846153846154,0.34615384615384615,2.2115384615384617,4.769230769230769,5.019230769230769,13.288461538461538,13.23076923076923,5.076923076923077,6.25,4.538461538461538,12.057692307692308,4.538461538461538,3.3846153846153846,2.019230769230769,2.576923076923077,0.38461538461538464,5.3076923076923075,2.3653846153846154,3.6538461538461537,8.115384615384615
574,21363,1e-05,3.2333333333333334,1.2333333333333334,2.6,2.5,6.633333333333334,8.433333333333334,12.1,1.8333333333333333,4.866666666666666,6.666666666666667,7.3,5.5,3.9,6.933333333333334,1.6333333333333333,0.43333333333333335,3.6,3.1,1.7333333333333334,9.1
575,10748,0.001,11.529411764705882,3.803921568627451,1.2745098039215685,2.196078431372549,3.372549019607843,1.3137254901960784,7.862745098039215,5.764705882352941,2.176470588235294,1.2156862745098038,2.1176470588235294,0.19607843137254902,1.1568627450980393,0.5294117647058824,1.3137254901960784,4.764705882352941,19.058823529411764,4.549019607843137,6.2745098039215685,8.901960784313726
576,10748,0.1,12.185185185185185,0.018518518518518517,1.4074074074074074,1.4814814814814814,0.2962962962962963,0.25925925925925924,2.5,8.148148148148149,3.2037037037037037,2.5185185185185186,2.2037037037037037,2.814814814814815,5.222222222222222,0.18518518518518517,0.16666666666666666,4.981481481481482,21.01851851851852,9.62962962962963,10.685185185185185,8.481481481481481
577,10797,1e-07,0.7647058823529411,1.8529411764705883,5.205882352941177,6.352941176470588,0.5,2.2058823529411766,6.029411764705882,2.5588235294117645,1.5,8.617647058823529,8.794117647058824,0.17647058823529413,2.5588235294117645,5.5,1.2058823529411764,0.0,4.323529411764706,2.764705882352941,6.970588235294118,5.794117647058823
578,10797,1e-05,1.7407407407407407,2.259259259259259,1.2962962962962963,1.4444444444444444,1.8148148148148149,3.8518518518518516,5.444444444444445,3.925925925925926,0.0,0.1111111111111111,2.6296296296296298,4.518518518518518,0.6296296296296297,3.1481481481481484,3.3703703703703702,0.6296296296296297,12.962962962962964,6.555555555555555,5.37037037037037,6.37037037037037
579,325,0.001,2.935483870967742,1.4193548387096775,3.2580645161290325,2.967741935483871,5.645161290322581,3.3225806451612905,5.032258064516129,4.580645161290323,4.290322580645161,2.129032258064516,3.2580645161290325,3.0,2.4193548387096775,3.935483870967742,1.4193548387096775,1.8709677419354838,4.32258064516129,0.0,1.967741935483871,12.67741935483871
580,325,0.1,1.2040816326530612,3.510204081632653,2.6122448979591835,6.653061224489796,7.857142857142857,5.857142857142857,8.551020408163266,4.489795918367347,13.877551020408163,6.224489795918367,6.1020408163265305,4.1020408163265305,16.714285714285715,1.3673469387755102,4.489795918367347,0.02040816326530612,2.183673469387755,2.2653061224489797,5.918367346938775,11.83673469387755
581,10882,0.001,12.11111111111111,0.9074074074074074,0.6851851851851852,1.2222222222222223,0.037037037037037035,0.018518518518518517,0.2222222222222222,4.814814814814815,1.3518518518518519,0.6481481481481481,6.537037037037037,3.574074074074074,1.9259259259259258,0.018518518518518517,0.018518518518518517,24.314814814814813,36.24074074074074,4.592592592592593,17.5,6.296296296296297
582,10882,1e-05,7.8076923076923075,0.8461538461538461,1.1153846153846154,0.7115384615384616,0.8846153846153846,0.019230769230769232,0.1346153846153846,2.1923076923076925,2.326923076923077,0.23076923076923078,3.4615384615384617,1.5576923076923077,2.25,0.019230769230769232,0.019230769230769232,19.23076923076923,30.923076923076923,3.5961538461538463,18.03846153846154,6.365384615384615
583,10886,0.1,5.907407407407407,1.5,1.537037037037037,1.3888888888888888,3.9814814814814814,1.5,9.037037037037036,2.6666666666666665,7.796296296296297,1.462962962962963,8.666666666666666,1.2037037037037037,2.7037037037037037,0.018518518518518517,0.48148148148148145,11.0,15.25925925925926,2.7037037037037037,11.925925925925926,16.51851851851852
584,10886,0.001,7.56,2.76,2.76,1.88,2.88,2.64,8.4,3.56,9.16,5.64,5.32,3.36,7.52,0.48,0.92,2.84,14.48,2.04,5.6,4.6
585,10890,1e-05,0.8888888888888888,3.888888888888889,4.111111111111111,0.7222222222222222,0.7777777777777778,1.6111111111111112,7.388888888888889,2.7777777777777777,1.5,0.3333333333333333,6.666666666666667,3.9444444444444446,0.9444444444444444,3.9444444444444446,1.6111111111111112,0.0,4.111111111111111,0.7222222222222222,0.0,7.444444444444445
586,10890,0.001,4.92,1.36,0.02,0.16,2.1,1.1,1.84,3.5,2.0,0.56,6.3,3.46,4.82,1.9,0.02,16.44,27.08,3.58,12.24,8.14
587,10895,1e-05,3.3513513513513513,6.837837837837838,4.108108108108108,1.054054054054054,1.6486486486486487,5.837837837837838,9.81081081081081,0.6756756756756757,2.027027027027027,1.135135135135135,2.864864864864865,1.5135135135135136,2.081081081081081,2.5675675675675675,1.0810810810810811,0.1891891891891892,3.945945945945946,1.5135135135135136,3.4864864864864864,5.594594594594595
588,10895,0.001,4.591836734693878,1.0816326530612246,0.3673469387755102,1.1224489795918366,2.0,0.3469387755102041,4.26530612244898,2.938775510204082,4.142857142857143,2.020408163265306,4.428571428571429,1.0204081632653061,3.204081632653061,3.2244897959183674,3.0816326530612246,9.183673469387756,26.183673469387756,5.26530612244898,13.36734693877551,12.387755102040817
589,62572,0.001,12.872340425531915,1.4680851063829787,0.3829787234042553,1.0,0.0,0.48936170212765956,0.1276595744680851,9.638297872340425,1.148936170212766,0.1702127659574468,1.7446808510638299,2.978723404255319,4.702127659574468,0.0,0.0,9.297872340425531,37.212765957446805,17.23404255319149,20.27659574468085,5.468085106382978
590,62572,1e-05,0.725,1.225,2.6,3.725,3.5,0.675,7.625,1.475,4.15,10.275,6.375,0.675,2.975,4.4,1.425,0.2,2.825,0.05,5.7,7.025
591,10925,1e-05,0.0,0.8727272727272727,4.254545454545455,11.4,4.963636363636364,2.618181818181818,16.272727272727273,3.4363636363636365,7.254545454545455,14.10909090909091,13.018181818181818,0.45454545454545453,7.036363636363636,7.6909090909090905,5.036363636363636,0.09090909090909091,0.2545454545454545,2.381818181818182,5.327272727272727,17.0
592,10925,1e-07,0.4772727272727273,3.977272727272727,2.1136363636363638,4.681818181818182,2.4318181818181817,3.25,3.6363636363636362,6.25,5.340909090909091,8.477272727272727,7.295454545454546,1.2727272727272727,3.840909090909091,6.545454545454546,3.1818181818181817,1.9772727272727273,2.0454545454545454,1.0,4.386363636363637,6.7727272727272725
593,104721,1e-05,1.3076923076923077,0.7884615384615384,6.5,6.096153846153846,0.3269230769230769,1.0961538461538463,7.769230769230769,4.134615384615385,2.1538461538461537,9.423076923076923,5.730769230769231,3.576923076923077,5.25,0.4423076923076923,0.019230769230769232,0.019230769230769232,12.615384615384615,8.865384615384615,9.326923076923077,5.903846153846154
594,104721,0.001,0.36363636363636365,2.1454545454545455,8.50909090909091,7.345454545454546,3.9454545454545453,2.890909090909091,6.072727272727272,6.4,7.545454545454546,12.745454545454546,6.054545454545455,2.0727272727272728,3.2363636363636363,2.2363636363636363,1.490909090909091,0.05454545454545454,5.5636363636363635,4.818181818181818,7.090909090909091,9.690909090909091
595,21648,0.1,6.833333333333333,0.6875,0.9375,3.4166666666666665,1.0208333333333333,4.75,6.416666666666667,4.979166666666667,0.6458333333333334,7.5625,6.958333333333333,1.625,8.041666666666666,3.7083333333333335,2.625,2.6458333333333335,9.020833333333334,1.0208333333333333,4.6875,9.4375
596,21648,0.001,6.163265306122449,2.673469387755102,2.020408163265306,0.7346938775510204,1.3061224489795917,3.061224489795918,1.3877551020408163,5.857142857142857,3.7755102040816326,3.061224489795918,1.5714285714285714,4.122448979591836,3.5714285714285716,0.6122448979591837,0.061224489795918366,3.5714285714285716,13.081632653061224,1.7959183673469388,3.6122448979591835,10.081632653061224
597,62089,0.1,0.7962962962962963,0.6666666666666666,5.62962962962963,3.3703703703703702,1.3333333333333333,6.7407407407407405,13.314814814814815,3.3703703703703702,6.62962962962963,6.425925925925926,10.537037037037036,3.185185185185185,5.296296296296297,1.3518518518518519,1.7592592592592593,1.1111111111111112,1.5740740740740742,0.07407407407407407,0.1111111111111111,22.925925925925927
598,62089,0.001,1.0588235294117647,0.13725490196078433,4.647058823529412,2.0980392156862746,6.117647058823529,9.588235294117647,9.196078431372548,4.529411764705882,4.823529411764706,6.03921568627451,8.490196078431373,3.5294117647058822,5.705882352941177,2.372549019607843,0.9019607843137255,0.0784313725490196,1.3333333333333333,1.0980392156862746,1.1764705882352942,12.764705882352942
599,11086,1e-05,5.183673469387755,1.5510204081632653,2.5918367346938775,1.1020408163265305,1.4081632653061225,0.1836734693877551,4.489795918367347,2.4693877551020407,3.142857142857143,3.020408163265306,2.938775510204082,2.979591836734694,7.63265306122449,0.10204081632653061,0.22448979591836735,8.653061224489797,18.79591836734694,3.2653061224489797,6.448979591836735,11.653061224489797
600,11086,0.001,13.254545454545454,1.2727272727272727,2.981818181818182,2.3636363636363638,2.5454545454545454,1.8,5.872727272727273,8.181818181818182,4.0,3.672727272727273,2.0,3.5272727272727273,5.4363636363636365,1.4727272727272727,0.0,8.218181818181819,22.727272727272727,3.6363636363636362,8.563636363636364,18.927272727272726
601,11124,0.001,2.9523809523809526,3.238095238095238,3.7857142857142856,1.6428571428571428,3.4047619047619047,4.0476190476190474,4.904761904761905,4.690476190476191,2.619047619047619,4.666666666666667,4.261904761904762,2.4047619047619047,11.19047619047619,0.6190476190476191,0.9285714285714286,1.4047619047619047,15.095238095238095,2.4761904761904763,5.738095238095238,7.761904761904762
602,11124,1e-05,0.13043478260869565,1.608695652173913,2.1739130434782608,2.0,4.0,3.130434782608696,4.217391304347826,4.739130434782608,6.608695652173913,3.1739130434782608,10.869565217391305,3.0869565217391304,1.4782608695652173,2.0,0.043478260869565216,0.9565217391304348,10.08695652173913,4.0,6.913043478260869,10.695652173913043
603,750,0.001,0.8518518518518519,3.5555555555555554,0.8888888888888888,2.5185185185185186,4.111111111111111,3.5185185185185186,5.481481481481482,2.074074074074074,4.185185185185185,0.5185185185185185,1.3333333333333333,4.074074074074074,3.3333333333333335,0.3333333333333333,0.5925925925925926,2.111111111111111,6.962962962962963,5.185185185185185,6.592592592592593,5.444444444444445
604,750,0.1,8.041666666666666,0.3541666666666667,3.0833333333333335,0.5833333333333334,4.3125,1.1458333333333333,3.25,5.3125,3.4791666666666665,2.375,7.541666666666667,2.2916666666666665,4.229166666666667,2.1875,1.7291666666666667,5.645833333333333,21.0,3.5416666666666665,7.583333333333333,10.041666666666666
605,5950,0.1,7.0,0.5,3.735294117647059,0.9117647058823529,0.17647058823529413,1.4411764705882353,1.5294117647058822,8.676470588235293,4.764705882352941,4.0588235294117645,3.0588235294117645,2.9411764705882355,4.029411764705882,2.764705882352941,0.5882352941176471,10.558823529411764,14.088235294117647,6.352941176470588,7.235294117647059,3.0
606,5950,0.001,0.0,1.3928571428571428,0.8214285714285714,0.42857142857142855,3.2857142857142856,4.75,2.1785714285714284,1.3214285714285714,2.5357142857142856,0.03571428571428571,8.392857142857142,4.071428571428571,1.6785714285714286,3.2142857142857144,0.8928571428571429,0.03571428571428571,7.785714285714286,2.5714285714285716,2.392857142857143,8.0
607,753,0.001,3.8518518518518516,0.0,4.666666666666667,6.666666666666667,6.777777777777778,2.7037037037037037,8.333333333333334,2.037037037037037,2.2222222222222223,1.8148148148148149,8.518518518518519,0.7407407407407407,2.814814814814815,2.5555555555555554,2.6666666666666665,3.5555555555555554,4.148148148148148,2.5555555555555554,2.5555555555555554,9.0
608,753,0.1,0.625,11.9375,4.375,3.1875,0.6875,3.125,7.3125,0.0,1.0,3.3125,5.625,23.6875,5.875,1.125,3.375,0.0,0.25,0.0,2.125,4.625
609,5960,0.001,4.375,3.8333333333333335,4.583333333333333,7.25,6.25,14.5,14.083333333333334,4.958333333333333,1.25,1.9583333333333333,7.5,4.5,1.0,1.4166666666666667,0.0,0.2916666666666667,4.666666666666667,2.8333333333333335,2.6666666666666665,7.875
610,5960,0.1,0.16981132075471697,0.41509433962264153,3.0377358490566038,6.339622641509434,6.0754716981132075,4.830188679245283,9.622641509433961,1.0188679245283019,8.867924528301886,6.0,8.90566037735849,5.377358490566038,4.415094339622642,1.9811320754716981,0.8113207547169812,0.5660377358490566,2.1320754716981134,1.9056603773584906,2.6792452830188678,12.943396226415095
611,5961,1e-05,6.916666666666667,5.166666666666667,5.833333333333333,2.8333333333333335,3.8333333333333335,3.0416666666666665,3.0833333333333335,2.0833333333333335,0.041666666666666664,3.0833333333333335,2.0,3.9166666666666665,8.583333333333334,1.9166666666666667,1.3333333333333333,2.0833333333333335,3.8333333333333335,2.0416666666666665,3.1666666666666665,0.6666666666666666
612,5961,0.001,2.7916666666666665,8.5,6.625,1.3333333333333333,0.0,3.2083333333333335,5.291666666666667,0.5833333333333334,3.4583333333333335,3.125,6.833333333333333,2.8333333333333335,9.166666666666666,1.375,1.5833333333333333,0.5,6.375,3.9166666666666665,9.125,2.4583333333333335
613,33032,0.1,1.8636363636363635,1.5227272727272727,7.2727272727272725,3.1818181818181817,6.704545454545454,1.5227272727272727,10.136363636363637,4.2272727272727275,7.795454545454546,6.4772727272727275,4.931818181818182,2.75,3.409090909090909,1.7272727272727273,0.29545454545454547,0.045454545454545456,0.7954545454545454,3.0681818181818183,2.8863636363636362,17.90909090909091
614,33032,0.001,1.4736842105263157,1.0,1.4736842105263157,0.15789473684210525,0.2631578947368421,1.7894736842105263,11.894736842105264,3.6842105263157894,0.7368421052631579,1.3157894736842106,12.842105263157896,2.9473684210526314,1.894736842105263,0.631578947368421,1.4210526315789473,0.0,9.526315789473685,5.0,7.7368421052631575,2.5789473684210527
615,5962,0.1,0.9629629629629629,0.018518518518518517,1.6851851851851851,10.666666666666666,11.685185185185185,9.925925925925926,10.185185185185185,4.703703703703703,12.166666666666666,7.981481481481482,8.037037037037036,1.3703703703703705,3.4074074074074074,3.2962962962962963,2.4074074074074074,0.4074074074074074,2.462962962962963,0.2777777777777778,0.037037037037037035,20.555555555555557
616,5962,0.001,0.27450980392156865,0.0392156862745098,2.215686274509804,10.666666666666666,8.254901960784315,8.254901960784315,13.784313725490197,4.8431372549019605,6.901960784313726,5.9411764705882355,8.294117647058824,3.764705882352941,2.156862745098039,2.3333333333333335,0.5294117647058824,0.0392156862745098,2.823529411764706,1.8431372549019607,3.372549019607843,14.313725490196079
617,5362798,1e-05,9.484848484848484,2.9696969696969697,8.0,2.5454545454545454,1.4545454545454546,7.484848484848484,4.121212121212121,3.0303030303030303,3.393939393939394,2.3333333333333335,7.181818181818182,7.454545454545454,5.909090909090909,2.090909090909091,0.0,1.121212121212121,7.2727272727272725,2.6666666666666665,2.3333333333333335,5.818181818181818
618,5362798,0.001,8.50943396226415,3.5849056603773586,0.8301886792452831,2.1320754716981134,2.0377358490566038,2.9622641509433962,3.981132075471698,6.660377358490566,2.4150943396226414,1.679245283018868,6.264150943396227,2.490566037735849,7.037735849056604,1.5849056603773586,0.018867924528301886,5.283018867924528,16.20754716981132,0.7358490566037735,1.3018867924528301,14.245283018867925
619,1030,0.1,3.413793103448276,5.137931034482759,3.5517241379310347,4.206896551724138,2.2758620689655173,1.206896551724138,5.620689655172414,2.103448275862069,6.275862068965517,4.413793103448276,5.793103448275862,4.827586206896552,9.96551724137931,1.7586206896551724,0.034482758620689655,2.0,6.137931034482759,3.206896551724138,6.344827586206897,5.931034482758621
620,1030,0.001,0.35,1.3,2.15,0.35,0.25,0.65,8.15,3.95,3.35,1.0,3.4,2.5,1.55,0.45,0.0,0.1,3.35,2.45,0.85,6.95
621,11419,1e-05,1.7916666666666667,1.7083333333333333,2.0,0.041666666666666664,2.3333333333333335,0.4166666666666667,6.375,1.1666666666666667,4.166666666666667,1.625,1.7083333333333333,0.16666666666666666,2.375,0.625,0.0,2.25,5.458333333333333,0.0,0.0,12.666666666666666
622,11419,0.001,2.5185185185185186,0.2037037037037037,3.962962962962963,4.2592592592592595,9.462962962962964,1.8333333333333333,4.351851851851852,1.8148148148148149,8.703703703703704,5.62962962962963,5.166666666666667,2.9074074074074074,2.925925925925926,1.7777777777777777,0.4074074074074074,0.46296296296296297,2.185185185185185,0.1111111111111111,0.12962962962962962,34.18518518518518
623,11428,1e-05,1.935483870967742,0.3548387096774194,0.5161290322580645,4.451612903225806,1.3870967741935485,2.225806451612903,14.580645161290322,3.2580645161290325,4.290322580645161,3.2580645161290325,12.935483870967742,1.4838709677419355,3.2903225806451615,6.387096774193548,10.064516129032258,0.0,6.290322580645161,0.8709677419354839,1.903225806451613,4.0
624,11428,0.001,1.471698113207547,0.9056603773584906,0.5283018867924528,4.415094339622642,9.622641509433961,4.849056603773585,3.830188679245283,3.4150943396226414,12.39622641509434,2.9622641509433962,5.547169811320755,5.735849056603773,1.169811320754717,0.7358490566037735,1.509433962264151,2.2452830188679247,2.9622641509433962,0.7924528301886793,1.528301886792453,28.0188679245283
625,11525,0.001,3.54,2.56,3.7,0.48,10.5,3.34,6.12,3.6,6.4,5.84,6.78,5.04,3.26,0.38,0.24,1.88,3.16,0.64,1.78,15.4
626,11525,1e-05,6.487179487179487,0.5897435897435898,0.2564102564102564,0.1794871794871795,0.3076923076923077,2.4615384615384617,1.1282051282051282,4.948717948717949,3.8974358974358974,2.1794871794871793,2.3846153846153846,1.0769230769230769,3.8461538461538463,0.41025641025641024,0.20512820512820512,16.743589743589745,24.384615384615383,1.435897435897436,5.6923076923076925,6.461538461538462
627,11527,0.001,0.9636363636363636,3.2363636363636363,2.6,5.672727272727273,8.327272727272728,2.381818181818182,6.363636363636363,3.8363636363636364,5.581818181818182,2.2363636363636363,10.418181818181818,6.218181818181818,6.236363636363636,2.036363636363636,0.01818181818181818,4.3090909090909095,7.8545454545454545,0.6545454545454545,4.163636363636364,17.381818181818183
628,11527,1e-05,4.757575757575758,2.242424242424242,2.6363636363636362,2.9393939393939394,3.8484848484848486,1.0303030303030303,2.4242424242424243,2.212121212121212,5.696969696969697,2.3333333333333335,3.8484848484848486,1.5757575757575757,6.151515151515151,2.121212121212121,0.0,0.696969696969697,7.575757575757576,4.333333333333333,3.8484848484848486,9.454545454545455
629,11529,0.001,6.403846153846154,0.6923076923076923,0.19230769230769232,0.9038461538461539,1.3653846153846154,0.8269230769230769,2.9615384615384617,3.0961538461538463,4.923076923076923,2.1346153846153846,5.6923076923076925,4.384615384615385,3.019230769230769,2.1923076923076925,0.28846153846153844,10.75,23.25,4.826923076923077,11.134615384615385,14.826923076923077
630,11529,1e-05,6.851851851851852,5.222222222222222,0.5925925925925926,4.333333333333333,1.8888888888888888,8.703703703703704,4.592592592592593,5.037037037037037,0.48148148148148145,0.25925925925925924,4.37037037037037,0.2962962962962963,3.814814814814815,0.6666666666666666,5.074074074074074,2.2222222222222223,3.2222222222222223,0.0,0.8518518518518519,6.777777777777778
631,62144,1e-05,0.3888888888888889,1.0555555555555556,4.851851851851852,6.796296296296297,6.388888888888889,3.611111111111111,6.185185185185185,8.203703703703704,6.314814814814815,21.333333333333332,8.11111111111111,0.4444444444444444,7.62962962962963,10.907407407407407,5.055555555555555,0.018518518518518517,1.8333333333333333,3.185185185185185,2.9814814814814814,7.462962962962963
632,62144,1e-07,1.2,2.0545454545454547,5.2,8.290909090909091,2.690909090909091,2.909090909090909,10.636363636363637,11.327272727272728,3.5272727272727273,17.490909090909092,8.945454545454545,0.8181818181818182,7.545454545454546,8.4,7.181818181818182,0.43636363636363634,1.1272727272727272,6.3090909090909095,10.545454545454545,4.2727272727272725
633,11567,1e-05,5.1891891891891895,3.5945945945945947,4.027027027027027,3.6216216216216215,4.756756756756757,3.810810810810811,5.378378378378378,0.5945945945945946,5.594594594594595,4.27027027027027,1.7027027027027026,1.4324324324324325,4.054054054054054,1.6486486486486487,1.162162162162162,0.1891891891891892,5.972972972972973,0.02702702702702703,3.0,14.621621621621621
634,11567,0.001,2.6666666666666665,2.5925925925925926,2.4074074074074074,0.7222222222222222,5.074074074074074,2.0,2.925925925925926,3.4444444444444446,8.222222222222221,7.685185185185185,2.8703703703703702,6.814814814814815,4.037037037037037,0.7037037037037037,0.24074074074074073,4.481481481481482,9.333333333333334,4.907407407407407,4.592592592592593,23.85185185185185
635,11569,1e-05,7.6,3.4,10.0,2.5,0.8,1.1,17.65,1.55,0.05,1.55,2.95,1.35,1.3,3.8,2.15,0.0,6.15,3.7,5.1,4.8
636,11569,0.001,7.03921568627451,2.588235294117647,2.588235294117647,2.3137254901960786,2.5686274509803924,2.2549019607843137,5.921568627450981,5.137254901960785,3.549019607843137,3.5686274509803924,4.862745098039215,4.764705882352941,6.607843137254902,1.7254901960784315,1.4313725490196079,5.9411764705882355,15.627450980392156,4.686274509803922,5.1568627450980395,15.666666666666666
637,11583,1e-05,3.7142857142857144,0.5714285714285714,0.5357142857142857,0.03571428571428571,3.607142857142857,3.8214285714285716,8.678571428571429,2.75,2.9285714285714284,4.285714285714286,6.678571428571429,0.7142857142857143,3.2857142857142856,1.9642857142857142,0.6071428571428571,0.5357142857142857,11.321428571428571,1.9642857142857142,2.892857142857143,5.857142857142857
638,11583,0.001,2.314814814814815,0.6111111111111112,1.037037037037037,2.462962962962963,4.296296296296297,3.4074074074074074,0.35185185185185186,7.092592592592593,13.018518518518519,4.574074074074074,5.537037037037037,2.6296296296296298,2.185185185185185,1.2592592592592593,0.018518518518518517,5.555555555555555,9.407407407407407,2.074074074074074,6.944444444444445,22.85185185185185
639,61138,1e-05,0.4230769230769231,1.6923076923076923,0.6346153846153846,11.653846153846153,7.211538461538462,15.25,18.442307692307693,0.019230769230769232,3.9038461538461537,5.461538461538462,13.788461538461538,1.0961538461538463,2.076923076923077,4.173076923076923,1.9807692307692308,0.019230769230769232,1.2307692307692308,1.3076923076923077,0.8461538461538461,7.019230769230769
640,61138,0.001,0.21818181818181817,0.43636363636363634,1.6181818181818182,19.945454545454545,4.4,13.654545454545454,18.581818181818182,5.127272727272727,6.8545454545454545,3.8727272727272726,18.745454545454546,1.7636363636363637,1.7272727272727273,3.5636363636363635,2.2363636363636363,0.01818181818181818,0.14545454545454545,0.01818181818181818,1.2545454545454546,5.836363636363636
641,11614,0.001,2.702127659574468,0.44680851063829785,0.2553191489361702,2.8085106382978724,3.8085106382978724,1.7446808510638299,2.2127659574468086,6.382978723404255,5.8936170212765955,0.9148936170212766,6.659574468085107,1.7234042553191489,3.25531914893617,3.0425531914893615,1.5957446808510638,3.9148936170212765,14.319148936170214,3.574468085106383,9.595744680851064,20.27659574468085
642,11614,1e-05,3.0476190476190474,0.23809523809523808,4.857142857142857,4.095238095238095,4.333333333333333,0.19047619047619047,8.904761904761905,2.6666666666666665,5.0476190476190474,2.857142857142857,4.142857142857143,3.4761904761904763,0.3333333333333333,3.7142857142857144,1.5714285714285714,0.6666666666666666,6.190476190476191,0.3333333333333333,2.6666666666666665,11.0
643,11617,1e-05,0.0,3.3333333333333335,0.9444444444444444,2.6666666666666665,3.4444444444444446,2.888888888888889,6.222222222222222,5.444444444444445,5.972222222222222,5.416666666666667,7.777777777777778,2.861111111111111,7.333333333333333,14.194444444444445,4.611111111111111,0.0,1.5833333333333333,3.4166666666666665,4.25,9.0
644,11617,1e-07,0.13043478260869565,0.5217391304347826,3.3043478260869565,0.0,0.17391304347826086,4.739130434782608,1.7826086956521738,2.782608695652174,0.8695652173913043,4.869565217391305,3.3043478260869565,3.130434782608696,2.260869565217391,8.130434782608695,0.6086956521739131,0.0,6.695652173913044,3.5652173913043477,3.130434782608696,11.782608695652174
645,440917,0.001,7.2439024390243905,0.12195121951219512,1.4878048780487805,0.7560975609756098,1.4878048780487805,2.1463414634146343,4.073170731707317,2.268292682926829,0.9512195121951219,1.829268292682927,5.341463414634147,5.975609756097561,7.317073170731708,0.024390243902439025,0.024390243902439025,3.926829268292683,12.926829268292684,1.2195121951219512,5.634146341463414,4.975609756097561
646,440917,1e-05,0.02631578947368421,0.39473684210526316,1.9210526315789473,2.236842105263158,3.4473684210526314,9.289473684210526,12.921052631578947,1.368421052631579,4.7894736842105265,9.657894736842104,5.7894736842105265,5.921052631578948,2.6578947368421053,0.8947368421052632,0.5,0.0,2.3421052631578947,1.4473684210526316,2.6315789473684212,11.289473684210526
647,6050,0.001,0.5192307692307693,3.3653846153846154,4.730769230769231,12.634615384615385,5.519230769230769,11.442307692307692,13.096153846153847,3.25,7.038461538461538,2.8461538461538463,12.01923076923077,2.480769230769231,0.9807692307692307,4.576923076923077,1.8076923076923077,0.15384615384615385,0.8461538461538461,0.6153846153846154,2.7115384615384617,6.115384615384615
648,6050,1e-05,0.08823529411764706,1.7941176470588236,1.411764705882353,2.6176470588235294,2.088235294117647,6.147058823529412,11.382352941176471,4.323529411764706,2.1176470588235294,3.5,8.264705882352942,1.6176470588235294,6.176470588235294,6.294117647058823,1.0294117647058822,0.8235294117647058,5.882352941176471,1.6176470588235294,4.5,5.5588235294117645
649,22310,0.001,6.333333333333333,8.222222222222221,4.711111111111111,3.488888888888889,2.0444444444444443,1.6222222222222222,2.533333333333333,4.688888888888889,5.911111111111111,4.066666666666666,3.8666666666666667,6.933333333333334,1.7333333333333334,1.6444444444444444,0.1111111111111111,3.8222222222222224,8.844444444444445,0.0,1.6,16.31111111111111
650,22310,1e-05,3.44,1.52,5.88,4.0,0.0,1.72,2.64,2.52,4.8,1.04,3.24,0.84,0.0,1.8,0.0,0.88,3.2,0.76,6.92,7.8
651,6054,0.001,14.709090909090909,5.5636363636363635,2.1272727272727274,1.1818181818181819,5.454545454545454,4.3090909090909095,7.890909090909091,7.345454545454546,5.090909090909091,1.5636363636363637,4.345454545454546,2.690909090909091,5.290909090909091,0.23636363636363636,0.01818181818181818,2.9454545454545453,15.036363636363637,0.23636363636363636,1.509090909090909,13.49090909090909
652,6054,1e-05,18.72,2.46,1.88,0.06,1.9,0.86,2.22,3.52,4.54,0.8,2.4,7.04,3.72,0.02,0.02,3.22,16.6,1.54,2.92,6.82
653,6057,0.001,2.92,1.32,3.6,4.52,4.56,2.84,11.28,3.12,2.88,6.08,8.0,8.2,3.12,0.0,0.0,0.6,6.6,0.0,3.28,8.8
654,6057,1e-05,1.368421052631579,0.6842105263157895,1.263157894736842,0.15789473684210525,0.8947368421052632,2.0526315789473686,5.2631578947368425,3.0,1.4210526315789473,0.05263157894736842,8.157894736842104,2.789473684210526,0.3157894736842105,0.0,0.0,0.0,3.473684210526316,2.0,2.736842105263158,2.736842105263158
655,22386,1e-05,3.4571428571428573,2.7142857142857144,2.142857142857143,0.7142857142857143,0.02857142857142857,1.4,10.857142857142858,6.171428571428572,0.4857142857142857,4.228571428571429,4.6571428571428575,1.6571428571428573,3.8857142857142857,0.05714285714285714,0.2571428571428571,0.22857142857142856,6.314285714285714,1.3428571428571427,3.657142857142857,2.8
656,22386,0.001,0.6666666666666666,2.3076923076923075,0.5384615384615384,4.6923076923076925,5.102564102564102,4.512820512820513,6.564102564102564,1.1794871794871795,4.410256410256411,1.8461538461538463,5.512820512820513,5.410256410256411,3.5641025641025643,3.5128205128205128,0.15384615384615385,1.7435897435897436,2.948717948717949,0.5384615384615384,1.435897435897436,12.435897435897436
657,5280450,0.1,0.32727272727272727,1.1454545454545455,8.854545454545455,16.563636363636363,9.927272727272728,8.381818181818181,10.781818181818181,4.0,17.509090909090908,11.454545454545455,16.581818181818182,1.7272727272727273,6.327272727272727,2.4,1.7454545454545454,0.6909090909090909,0.6909090909090909,0.2,2.1818181818181817,26.236363636363638
658,5280450,0.001,0.2545454545454545,3.109090909090909,9.4,9.218181818181819,4.254545454545455,6.3090909090909095,8.654545454545454,4.418181818181818,7.836363636363636,9.127272727272727,7.890909090909091,6.345454545454546,3.0,0.9090909090909091,0.2727272727272727,0.7454545454545455,2.036363636363636,0.5454545454545454,4.2,19.29090909090909
659,61151,1e-05,4.517241379310345,4.0344827586206895,0.8620689655172413,4.137931034482759,0.7241379310344828,6.517241379310345,2.413793103448276,2.3448275862068964,1.793103448275862,1.2758620689655173,9.344827586206897,4.172413793103448,7.931034482758621,4.206896551724138,3.8275862068965516,1.3793103448275863,9.068965517241379,0.5517241379310345,6.758620689655173,4.724137931034483
660,61151,0.001,4.871794871794871,0.02564102564102564,2.2564102564102564,1.3333333333333333,2.5128205128205128,1.6923076923076923,2.4615384615384617,2.641025641025641,9.333333333333334,4.153846153846154,4.615384615384615,5.051282051282051,5.538461538461538,0.0,0.8974358974358975,6.205128205128205,11.0,1.794871794871795,4.333333333333333,15.76923076923077
661,11902,0.001,1.2264150943396226,2.339622641509434,1.169811320754717,7.471698113207547,4.339622641509434,3.6226415094339623,8.88679245283019,5.226415094339623,6.452830188679245,6.471698113207547,10.679245283018869,0.9433962264150944,3.8867924528301887,2.150943396226415,0.3584905660377358,2.641509433962264,3.830188679245283,1.830188679245283,7.9245283018867925,12.660377358490566
662,11902,1e-05,2.1666666666666665,5.333333333333333,1.0,1.4583333333333333,2.375,4.75,8.875,0.2916666666666667,1.5416666666666667,3.7916666666666665,6.041666666666667,3.7083333333333335,12.708333333333334,2.8333333333333335,0.7916666666666666,3.7083333333333335,5.5,0.0,8.125,9.458333333333334
663,61155,0.001,2.69811320754717,0.2830188679245283,6.69811320754717,5.830188679245283,4.584905660377358,1.8867924528301887,8.39622641509434,7.679245283018868,9.39622641509434,11.622641509433961,5.0,4.09433962264151,6.0,1.6603773584905661,0.9056603773584906,2.943396226415094,8.075471698113208,3.2452830188679247,5.245283018867925,19.41509433962264
664,61155,1e-05,3.84,2.22,2.9,5.58,0.88,3.14,7.24,3.04,1.62,3.58,6.92,5.72,5.3,1.94,2.48,2.92,10.28,3.52,7.0,5.34
665,11980,0.001,5.4222222222222225,0.5777777777777777,0.7555555555555555,0.8222222222222222,4.466666666666667,2.6222222222222222,7.2444444444444445,2.066666666666667,7.511111111111111,4.777777777777778,6.311111111111111,4.866666666666666,1.9111111111111112,1.2666666666666666,1.8888888888888888,1.7777777777777777,7.177777777777778,0.044444444444444446,1.8,13.844444444444445
666,11980,0.1,2.8518518518518516,1.5925925925925926,0.2222222222222222,1.7222222222222223,10.851851851851851,2.7222222222222223,5.537037037037037,8.962962962962964,14.722222222222221,5.037037037037037,9.777777777777779,3.259259259259259,3.7037037037037037,1.2407407407407407,0.2222222222222222,3.4444444444444446,10.444444444444445,2.2777777777777777,2.7222222222222223,26.51851851851852
667,12020,1e-05,0.0,0.32,3.6,7.68,2.48,1.88,6.32,5.76,2.76,4.48,8.32,0.84,5.08,3.92,1.12,1.96,5.48,3.24,4.08,7.08
668,12020,0.001,2.9545454545454546,1.5227272727272727,4.863636363636363,3.4318181818181817,3.0,2.6818181818181817,4.0227272727272725,6.204545454545454,8.659090909090908,5.068181818181818,6.204545454545454,4.090909090909091,2.75,0.8181818181818182,1.4772727272727273,2.8863636363636362,8.318181818181818,3.1363636363636362,7.113636363636363,19.65909090909091
669,6106,0.001,2.3333333333333335,0.8205128205128205,3.717948717948718,2.3846153846153846,1.8205128205128205,3.7435897435897436,7.256410256410256,10.974358974358974,5.666666666666667,4.230769230769231,5.846153846153846,2.7948717948717947,1.3333333333333333,2.1794871794871793,0.0,3.5641025641025643,12.538461538461538,10.35897435897436,12.743589743589743,8.0
670,6106,0.1,1.1666666666666667,1.7037037037037037,3.111111111111111,15.481481481481481,6.425925925925926,17.814814814814813,14.685185185185185,7.444444444444445,4.7592592592592595,1.7592592592592593,12.351851851851851,0.7407407407407407,4.7407407407407405,2.888888888888889,1.5,0.9629629629629629,6.148148148148148,2.888888888888889,1.7407407407407407,8.777777777777779
671,5364231,1e-05,4.875,13.275,9.45,0.675,1.525,0.575,5.3,2.05,0.275,2.35,5.625,1.825,3.2,0.0,0.075,5.725,5.6,0.2,2.75,1.825
672,5364231,0.001,8.49090909090909,14.781818181818181,4.4363636363636365,0.9272727272727272,0.5454545454545454,0.9818181818181818,2.4,3.618181818181818,0.9636363636363636,2.272727272727273,4.890909090909091,4.472727272727273,3.7454545454545456,2.036363636363636,1.8909090909090909,6.672727272727273,7.927272727272728,1.5818181818181818,9.818181818181818,4.581818181818182
673,12097,0.001,8.627906976744185,1.2790697674418605,1.8372093023255813,2.0930232558139537,3.953488372093023,0.023255813953488372,6.558139534883721,7.6976744186046515,1.186046511627907,0.4418604651162791,1.8837209302325582,4.6976744186046515,6.441860465116279,0.0,0.0,11.511627906976743,13.906976744186046,4.232558139534884,9.627906976744185,13.883720930232558
674,12097,1e-05,2.642857142857143,1.4642857142857142,4.392857142857143,0.6428571428571429,1.1785714285714286,4.857142857142857,9.571428571428571,3.0357142857142856,3.9285714285714284,5.535714285714286,10.5,7.75,2.357142857142857,2.0714285714285716,0.21428571428571427,0.17857142857142858,3.9285714285714284,0.25,2.7142857142857144,5.142857142857143
675,2346,0.001,2.890909090909091,3.963636363636364,3.8727272727272726,9.818181818181818,5.527272727272727,11.672727272727272,14.527272727272727,5.6909090909090905,7.381818181818182,11.436363636363636,10.727272727272727,1.5636363636363637,4.763636363636364,3.981818181818182,1.5818181818181818,0.12727272727272726,0.9272727272727272,2.3636363636363638,1.6545454545454545,12.381818181818181
676,2346,1e-05,0.6153846153846154,2.0384615384615383,2.923076923076923,6.75,3.7115384615384617,5.923076923076923,9.634615384615385,4.846153846153846,2.9423076923076925,11.903846153846153,6.346153846153846,0.11538461538461539,4.134615384615385,3.5384615384615383,4.788461538461538,0.8461538461538461,2.5,1.4038461538461537,1.0769230769230769,9.76923076923077
677,12178,0.001,2.381818181818182,1.290909090909091,0.8909090909090909,2.9272727272727272,8.745454545454546,1.6545454545454545,6.945454545454545,1.3272727272727274,20.21818181818182,5.527272727272727,8.272727272727273,6.490909090909091,5.963636363636364,3.4909090909090907,2.1272727272727274,2.7818181818181817,9.345454545454546,1.8363636363636364,3.018181818181818,34.09090909090909
678,12178,1e-05,5.0,3.744186046511628,3.627906976744186,3.697674418604651,4.906976744186046,3.186046511627907,7.232558139534884,6.488372093023256,3.4186046511627906,5.232558139534884,8.093023255813954,6.116279069767442,4.348837209302325,3.2093023255813953,0.5348837209302325,3.2325581395348837,11.744186046511627,2.488372093023256,3.3255813953488373,15.55813953488372
679,12180,0.001,3.519230769230769,0.34615384615384615,0.9615384615384616,8.173076923076923,2.6538461538461537,3.1538461538461537,10.115384615384615,5.269230769230769,4.75,2.923076923076923,18.48076923076923,0.8846153846153846,1.9807692307692308,1.5576923076923077,2.4615384615384617,9.788461538461538,12.865384615384615,0.6923076923076923,8.211538461538462,8.057692307692308
680,12180,1e-05,1.25,0.36363636363636365,0.9772727272727273,3.1136363636363638,4.7272727272727275,3.7045454545454546,9.022727272727273,5.2272727272727275,6.613636363636363,1.1818181818181819,15.931818181818182,4.4772727272727275,1.3409090909090908,2.75,1.5909090909090908,0.13636363636363635,3.909090909090909,1.1590909090909092,3.2045454545454546,8.454545454545455
681,12206,1e-05,2.28,0.24,1.42,3.72,2.14,2.72,7.98,5.4,0.5,0.42,11.46,4.28,4.14,3.06,3.74,7.78,14.42,1.04,4.18,8.74
682,12206,0.001,4.529411764705882,2.5686274509803924,1.2156862745098038,4.823529411764706,5.450980392156863,3.4901960784313726,9.490196078431373,2.823529411764706,7.078431372549019,1.7647058823529411,10.803921568627452,2.2549019607843137,1.4509803921568627,1.4705882352941178,1.0588235294117647,15.686274509803921,14.843137254901961,0.6666666666666666,6.196078431372549,12.058823529411764
683,12265,1e-05,0.9069767441860465,0.5581395348837209,0.7674418604651163,3.255813953488372,2.302325581395349,2.302325581395349,5.465116279069767,2.3255813953488373,2.697674418604651,4.093023255813954,3.046511627906977,1.1627906976744187,7.5813953488372094,5.465116279069767,1.8372093023255813,0.046511627906976744,8.767441860465116,10.116279069767442,13.325581395348838,4.8604651162790695
684,12265,0.001,0.05555555555555555,0.2222222222222222,1.4444444444444444,2.037037037037037,2.759259259259259,7.12962962962963,10.12962962962963,7.296296296296297,2.3518518518518516,8.944444444444445,6.018518518518518,0.7407407407407407,9.518518518518519,3.259259259259259,1.0925925925925926,0.4444444444444444,6.425925925925926,12.648148148148149,13.277777777777779,3.314814814814815
685,12297,1e-05,4.162162162162162,2.972972972972973,2.27027027027027,2.0,3.6216216216216215,1.5135135135135136,5.972972972972973,3.5675675675675675,4.72972972972973,2.108108108108108,6.918918918918919,4.5675675675675675,4.297297297297297,2.081081081081081,0.2972972972972973,2.864864864864865,8.72972972972973,3.891891891891892,8.108108108108109,9.513513513513514
686,12297,0.001,1.9444444444444444,3.8518518518518516,1.3518518518518519,3.0925925925925926,8.444444444444445,1.3148148148148149,2.425925925925926,4.2407407407407405,6.555555555555555,1.2592592592592593,3.4444444444444446,5.148148148148148,4.518518518518518,0.12962962962962962,0.12962962962962962,0.2777777777777778,6.611111111111111,0.07407407407407407,2.7222222222222223,27.055555555555557
687,12327,0.001,5.534883720930233,1.3255813953488371,2.046511627906977,2.627906976744186,0.5813953488372093,2.4186046511627906,6.4186046511627906,3.186046511627907,1.5348837209302326,1.4186046511627908,13.30232558139535,0.7906976744186046,2.13953488372093,3.813953488372093,1.0232558139534884,14.511627906976743,13.720930232558139,1.6046511627906976,9.44186046511628,6.976744186046512
688,12327,0.1,7.415094339622642,1.7358490566037736,1.4150943396226414,3.30188679245283,2.358490566037736,2.2452830188679247,6.452830188679245,4.150943396226415,4.509433962264151,2.6792452830188678,7.2075471698113205,4.018867924528302,3.4150943396226414,0.5660377358490566,0.018867924528301886,11.320754716981131,20.037735849056602,0.6037735849056604,6.433962264150943,10.339622641509434
689,12348,1e-05,11.973684210526315,1.9473684210526316,0.2631578947368421,2.263157894736842,1.8421052631578947,0.7368421052631579,3.0,2.736842105263158,1.4736842105263157,2.5789473684210527,2.473684210526316,4.157894736842105,4.578947368421052,0.2894736842105263,0.2631578947368421,9.368421052631579,21.973684210526315,4.315789473684211,7.184210526315789,5.973684210526316
690,12348,0.001,4.723404255319149,6.340425531914893,0.6595744680851063,3.127659574468085,3.0,2.978723404255319,3.3404255319148937,4.319148936170213,0.8723404255319149,5.042553191489362,6.872340425531915,5.595744680851064,5.127659574468085,0.2553191489361702,1.2553191489361701,16.4468085106383,24.46808510638298,3.978723404255319,12.680851063829786,8.851063829787234
691,12377,0.001,1.8363636363636364,1.6727272727272726,0.4727272727272727,4.763636363636364,2.272727272727273,5.072727272727272,5.872727272727273,7.581818181818182,5.545454545454546,4.709090909090909,5.381818181818182,0.6545454545454545,18.09090909090909,25.12727272727273,6.218181818181818,0.07272727272727272,1.6363636363636365,2.4545454545454546,16.472727272727273,5.527272727272727
692,12377,1e-05,0.02040816326530612,0.1836734693877551,1.8775510204081634,0.673469387755102,1.2040816326530612,2.3469387755102042,3.857142857142857,6.020408163265306,3.061224489795918,2.2653061224489797,7.040816326530612,0.02040816326530612,15.89795918367347,18.612244897959183,2.2448979591836733,0.02040816326530612,1.3673469387755102,0.02040816326530612,18.53061224489796,4.877551020408164
693,61177,1e-05,4.354838709677419,1.8064516129032258,1.032258064516129,2.5161290322580645,6.451612903225806,3.225806451612903,6.129032258064516,3.4193548387096775,3.225806451612903,5.225806451612903,3.6129032258064515,1.7419354838709677,6.741935483870968,1.7096774193548387,0.0,0.3870967741935484,6.774193548387097,0.5483870967741935,2.3225806451612905,14.483870967741936
694,61177,0.001,3.641509433962264,1.3018867924528301,3.547169811320755,0.8490566037735849,8.88679245283019,1.3584905660377358,4.245283018867925,3.452830188679245,7.339622641509434,2.9245283018867925,2.452830188679245,0.9811320754716981,0.3584905660377358,2.509433962264151,0.5471698113207547,4.830188679245283,12.90566037735849,1.7169811320754718,5.7924528301886795,19.62264150943396
695,526618,1e-07,0.0,0.23529411764705882,3.5,6.411764705882353,2.235294117647059,3.9411764705882355,10.264705882352942,8.588235294117647,4.5,6.235294117647059,5.911764705882353,2.176470588235294,7.470588235294118,4.794117647058823,0.38235294117647056,0.2647058823529412,2.176470588235294,4.088235294117647,7.205882352941177,3.764705882352941
696,526618,1e-05,0.5769230769230769,0.46153846153846156,0.6923076923076923,4.153846153846154,5.5576923076923075,7.461538461538462,11.384615384615385,4.8076923076923075,3.730769230769231,5.5,9.23076923076923,1.8461538461538463,6.730769230769231,6.769230769230769,6.480769230769231,0.46153846153846156,1.5192307692307692,4.6923076923076925,7.673076923076923,11.211538461538462
697,61386,0.1,0.46938775510204084,1.0,2.4693877551020407,9.142857142857142,1.3673469387755102,5.591836734693878,9.36734693877551,6.142857142857143,3.4081632653061225,6.571428571428571,8.244897959183673,2.020408163265306,5.489795918367347,2.0,3.306122448979592,0.673469387755102,8.448979591836734,2.2857142857142856,6.142857142857143,12.142857142857142
698,61386,0.001,7.0,1.0,3.5416666666666665,3.0,5.208333333333333,4.791666666666667,5.375,3.5,3.2916666666666665,2.6666666666666665,7.958333333333333,4.166666666666667,0.5416666666666666,2.9166666666666665,0.5,0.16666666666666666,7.0,0.75,1.5833333333333333,4.125
699,6137,0.001,0.021739130434782608,1.4130434782608696,1.0434782608695652,10.347826086956522,3.3043478260869565,3.4782608695652173,7.195652173913044,6.065217391304348,2.4565217391304346,2.108695652173913,6.739130434782608,0.8913043478260869,5.6521739130434785,4.891304347826087,3.6739130434782608,0.1956521739130435,0.32608695652173914,1.891304347826087,7.086956521739131,6.0
700,6137,0.1,0.16981132075471697,2.509433962264151,2.5283018867924527,17.69811320754717,4.433962264150943,9.547169811320755,8.415094339622641,4.433962264150943,5.547169811320755,4.811320754716981,16.41509433962264,1.679245283018868,3.849056603773585,7.811320754716981,5.773584905660377,0.11320754716981132,2.30188679245283,0.5660377358490566,4.169811320754717,6.30188679245283
701,12506,1e-05,0.5416666666666666,1.4166666666666667,0.3333333333333333,4.0,1.9583333333333333,6.75,6.958333333333333,2.5,2.2916666666666665,2.2083333333333335,3.0416666666666665,2.1666666666666665,4.375,5.291666666666667,4.791666666666667,1.4583333333333333,5.5,0.5833333333333334,0.75,6.666666666666667
702,12506,0.001,3.52,1.28,3.4,2.74,5.54,2.66,4.02,2.34,9.16,4.3,7.5,6.0,3.34,3.22,1.1,2.36,6.4,1.56,6.06,15.54
703,22873,0.1,5.849056603773585,4.377358490566038,1.8113207547169812,2.981132075471698,4.962264150943396,3.6037735849056602,4.584905660377358,3.169811320754717,4.169811320754717,5.490566037735849,7.471698113207547,3.3962264150943398,5.09433962264151,0.8113207547169812,0.5660377358490566,8.943396226415095,12.773584905660377,0.39622641509433965,3.69811320754717,13.452830188679245
704,22873,0.001,3.2222222222222223,0.16666666666666666,5.333333333333333,1.9444444444444444,3.6666666666666665,4.527777777777778,6.805555555555555,4.777777777777778,0.7777777777777778,6.055555555555555,2.7777777777777777,0.9166666666666666,2.638888888888889,0.19444444444444445,0.3333333333333333,2.2222222222222223,11.555555555555555,1.9444444444444444,1.5,16.305555555555557
705,61185,0.001,3.5172413793103448,6.344827586206897,2.6206896551724137,1.0689655172413792,1.0344827586206897,3.689655172413793,5.551724137931035,1.896551724137931,4.655172413793103,1.3103448275862069,3.5172413793103448,3.689655172413793,3.5172413793103448,2.310344827586207,0.0,0.8275862068965517,11.241379310344827,3.8275862068965516,4.137931034482759,11.206896551724139
706,61185,1e-05,12.038461538461538,5.115384615384615,6.384615384615385,0.6153846153846154,2.3076923076923075,3.423076923076923,5.115384615384615,4.5,1.2307692307692308,5.038461538461538,4.384615384615385,1.0769230769230769,8.038461538461538,4.8076923076923075,7.1923076923076925,0.7692307692307693,6.269230769230769,0.038461538461538464,2.1923076923076925,2.3846153846153846
707,6140,0.1,2.5142857142857142,6.514285714285714,1.7142857142857142,3.085714285714286,6.085714285714285,9.257142857142858,13.685714285714285,1.7142857142857142,1.4,2.257142857142857,10.942857142857143,0.7428571428571429,4.771428571428571,4.4,1.457142857142857,0.02857142857142857,4.457142857142857,3.2857142857142856,4.542857142857143,8.514285714285714
708,6140,0.001,0.90625,4.375,2.125,2.46875,2.78125,10.09375,12.03125,3.59375,2.96875,2.75,8.65625,0.90625,0.9375,1.125,0.3125,3.96875,4.40625,0.9375,0.78125,5.46875
709,1001,1e-05,1.8666666666666667,5.2,6.4,2.3666666666666667,10.633333333333333,3.3,7.133333333333334,3.6666666666666665,3.6,6.833333333333333,10.033333333333333,3.3333333333333335,6.866666666666666,4.9,2.3333333333333335,0.0,1.0666666666666667,5.766666666666667,3.4,7.066666666666666
710,1001,0.001,2.2264150943396226,1.2264150943396226,1.0566037735849056,10.11320754716981,5.30188679245283,7.264150943396227,13.150943396226415,2.9245283018867925,4.509433962264151,4.3584905660377355,15.679245283018869,2.207547169811321,3.0943396226415096,4.339622641509434,12.452830188679245,1.2830188679245282,1.3962264150943395,0.03773584905660377,4.39622641509434,14.849056603773585
711,702,1e-05,4.222222222222222,0.0,2.6296296296296298,1.037037037037037,0.0,0.5185185185185185,9.62962962962963,0.8518518518518519,2.2962962962962963,0.5925925925925926,3.3333333333333335,2.962962962962963,4.777777777777778,0.0,0.8888888888888888,0.037037037037037035,8.25925925925926,0.9629629629629629,1.6666666666666667,3.7777777777777777
712,702,0.001,0.9629629629629629,0.8148148148148148,0.2962962962962963,0.0,0.07407407407407407,2.7777777777777777,5.481481481481482,0.7037037037037037,1.1851851851851851,0.18518518518518517,4.296296296296297,2.888888888888889,4.777777777777778,1.8148148148148149,0.0,0.037037037037037035,16.77777777777778,4.592592592592593,8.666666666666666,4.185185185185185
713,176,1e-05,5.586206896551724,1.7586206896551724,1.6551724137931034,2.7241379310344827,3.2413793103448274,6.413793103448276,5.448275862068965,3.793103448275862,1.5862068965517242,3.2413793103448274,14.827586206896552,4.862068965517241,7.379310344827586,3.9655172413793105,0.0,1.103448275862069,5.689655172413793,2.2758620689655173,2.7586206896551726,4.517241379310345
714,176,1e-07,4.578947368421052,4.315789473684211,4.631578947368421,3.3157894736842106,3.4210526315789473,6.2105263157894735,5.894736842105263,7.526315789473684,2.0,0.9473684210526315,7.315789473684211,0.05263157894736842,3.3684210526315788,3.0,4.0,0.631578947368421,1.6842105263157894,0.5263157894736842,11.263157894736842,12.157894736842104
715,5352837,1e-05,5.666666666666667,4.291666666666667,1.0625,2.1875,1.3541666666666667,0.16666666666666666,0.22916666666666666,1.9583333333333333,1.2916666666666667,0.16666666666666666,3.5208333333333335,7.75,0.6875,0.9166666666666666,0.08333333333333333,14.4375,20.0,0.10416666666666667,14.916666666666666,4.604166666666667
716,5352837,0.001,6.722222222222222,6.055555555555555,0.9814814814814815,1.7962962962962963,1.4444444444444444,0.8148148148148148,1.1296296296296295,3.1296296296296298,2.5925925925925926,1.3518518518518519,2.8703703703703702,8.444444444444445,5.648148148148148,0.3888888888888889,0.037037037037037035,8.907407407407407,15.648148148148149,1.2592592592592593,10.61111111111111,10.925925925925926
717,12580,0.001,1.3962264150943395,1.0,4.735849056603773,1.4339622641509433,2.811320754716981,4.377358490566038,6.2075471698113205,5.716981132075472,10.415094339622641,4.547169811320755,5.60377358490566,1.8867924528301887,10.962264150943396,0.7169811320754716,0.5094339622641509,1.169811320754717,6.622641509433962,0.7358490566037735,1.4150943396226414,17.18867924528302
718,12580,1e-05,5.4324324324324325,3.027027027027027,1.5675675675675675,3.2432432432432434,6.648648648648648,2.1621621621621623,7.243243243243243,1.6486486486486487,1.2432432432432432,1.6756756756756757,1.5135135135135136,3.5405405405405403,2.4054054054054053,2.864864864864865,0.2972972972972973,2.3783783783783785,6.621621621621622,0.2972972972972973,0.08108108108108109,9.54054054054054
719,12587,1e-05,1.3333333333333333,0.6875,0.8958333333333334,9.041666666666666,6.291666666666667,16.145833333333332,12.375,2.0833333333333335,4.0,2.0625,13.770833333333334,0.020833333333333332,2.2708333333333335,4.208333333333333,4.1875,0.4375,1.3541666666666667,0.5625,2.3541666666666665,7.666666666666667
720,12587,1e-07,2.310344827586207,5.413793103448276,7.655172413793103,0.5517241379310345,2.206896551724138,4.0344827586206895,10.0,1.6206896551724137,0.7241379310344828,4.206896551724138,8.344827586206897,2.1379310344827585,3.9310344827586206,3.8620689655172415,0.8620689655172413,3.4482758620689653,3.9310344827586206,3.1724137931034484,4.551724137931035,5.827586206896552
721,439570,0.1,3.0,3.2181818181818183,0.6363636363636364,0.10909090909090909,0.01818181818181818,0.5272727272727272,0.6181818181818182,3.2363636363636363,1.2181818181818183,0.6363636363636364,1.6545454545454545,10.363636363636363,9.163636363636364,0.01818181818181818,0.01818181818181818,4.927272727272728,28.618181818181817,0.7818181818181819,19.12727272727273,8.363636363636363
722,439570,0.001,6.636363636363637,2.4909090909090907,1.3818181818181818,0.6,0.6,0.7818181818181819,2.3636363636363638,2.109090909090909,2.4545454545454546,0.8,2.1272727272727274,9.854545454545455,11.472727272727273,0.9090909090909091,0.01818181818181818,5.8545454545454545,19.29090909090909,1.690909090909091,15.690909090909091,9.181818181818182
723,5371102,0.001,9.604166666666666,5.229166666666667,3.1458333333333335,1.1875,3.625,1.0625,2.9375,0.875,3.3125,5.5625,6.333333333333333,1.5833333333333333,2.8333333333333335,1.0208333333333333,0.020833333333333332,0.625,4.229166666666667,0.020833333333333332,1.8333333333333333,10.4375
724,5371102,1e-05,9.916666666666666,9.25,11.083333333333334,0.2916666666666667,3.2083333333333335,2.9166666666666665,8.916666666666666,2.4583333333333335,2.375,3.0416666666666665,5.0,3.5416666666666665,1.7083333333333333,4.166666666666667,4.416666666666667,3.0416666666666665,3.625,0.041666666666666664,0.7916666666666666,5.125
725,61192,0.001,0.018867924528301886,2.0,1.2452830188679245,3.509433962264151,1.2264150943396226,2.9245283018867925,7.264150943396227,6.415094339622642,0.6415094339622641,7.283018867924528,5.90566037735849,0.4339622641509434,7.39622641509434,9.037735849056604,3.3773584905660377,0.4528301886792453,0.7547169811320755,5.773584905660377,7.622641509433962,4.433962264150943
726,61192,1e-05,0.0,1.3658536585365855,2.341463414634146,0.8048780487804879,3.682926829268293,2.5121951219512195,6.585365853658536,6.2439024390243905,0.14634146341463414,4.951219512195122,1.0731707317073171,1.9268292682926829,4.414634146341464,8.414634146341463,2.7804878048780486,1.6585365853658536,6.536585365853658,2.707317073170732,16.48780487804878,7.951219512195122
727,243,0.001,3.103448275862069,1.0689655172413792,1.5517241379310345,8.206896551724139,2.793103448275862,7.137931034482759,7.620689655172414,7.137931034482759,3.8275862068965516,5.068965517241379,10.379310344827585,4.931034482758621,4.551724137931035,2.413793103448276,1.9655172413793103,0.6896551724137931,1.9655172413793103,2.896551724137931,3.0689655172413794,9.241379310344827
728,243,1e-05,9.588235294117647,2.9705882352941178,1.3823529411764706,0.058823529411764705,3.235294117647059,1.3235294117647058,6.823529411764706,3.676470588235294,3.6176470588235294,2.3823529411764706,4.029411764705882,0.29411764705882354,5.352941176470588,1.1176470588235294,0.8529411764705882,2.823529411764706,14.235294117647058,0.9117647058823529,3.0294117647058822,8.147058823529411
729,6184,1e-05,0.14545454545454545,1.8909090909090909,4.709090909090909,9.0,8.6,7.181818181818182,11.945454545454545,4.127272727272727,6.163636363636364,7.9818181818181815,12.763636363636364,3.1636363636363636,3.327272727272727,0.7272727272727273,4.218181818181818,1.1818181818181819,0.09090909090909091,0.01818181818181818,0.12727272727272726,19.89090909090909
730,6184,1e-07,2.857142857142857,7.190476190476191,0.38095238095238093,1.4761904761904763,0.19047619047619047,4.761904761904762,5.428571428571429,0.7619047619047619,4.380952380952381,1.0952380952380953,7.523809523809524,6.0,2.0952380952380953,0.5238095238095238,0.6666666666666666,0.6666666666666666,2.9047619047619047,0.0,0.7142857142857143,3.9047619047619047
731,6202,0.1,1.2181818181818183,1.2181818181818183,6.454545454545454,5.636363636363637,2.4545454545454546,1.3818181818181818,4.636363636363637,6.090909090909091,2.090909090909091,6.290909090909091,7.818181818181818,0.9636363636363636,5.654545454545454,3.4363636363636365,3.1636363636363636,0.05454545454545454,3.890909090909091,2.8545454545454545,11.345454545454546,7.672727272727273
732,6202,0.001,0.05660377358490566,0.018867924528301886,1.5660377358490567,2.981132075471698,2.7547169811320753,3.6792452830188678,6.264150943396227,5.886792452830188,4.320754716981132,6.735849056603773,5.716981132075472,0.7924528301886793,2.9245283018867925,4.547169811320755,4.283018867924528,0.8113207547169812,2.9056603773584904,4.547169811320755,7.30188679245283,6.584905660377358
733,5281168,0.001,1.2452830188679245,1.7924528301886793,2.981132075471698,2.188679245283019,3.5660377358490565,8.735849056603774,18.245283018867923,1.9245283018867925,6.716981132075472,4.981132075471698,17.22641509433962,3.9245283018867925,4.018867924528302,3.1320754716981134,0.9622641509433962,2.339622641509434,6.566037735849057,1.0,1.509433962264151,18.245283018867923
734,5281168,1e-05,5.666666666666667,2.0256410256410255,1.1538461538461537,0.38461538461538464,0.7692307692307693,1.9743589743589745,3.41025641025641,4.3076923076923075,3.1025641025641026,5.769230769230769,8.153846153846153,3.128205128205128,4.076923076923077,1.3846153846153846,1.5384615384615385,8.307692307692308,15.692307692307692,2.8461538461538463,7.564102564102564,7.615384615384615
735,5362814,1e-05,3.3076923076923075,3.3653846153846154,3.8461538461538463,9.173076923076923,2.673076923076923,2.0384615384615383,6.75,5.346153846153846,2.730769230769231,4.076923076923077,12.038461538461538,2.173076923076923,4.288461538461538,4.1923076923076925,3.0384615384615383,1.6730769230769231,2.5961538461538463,0.5384615384615384,4.980769230769231,7.480769230769231
736,5362814,1e-07,5.130434782608695,2.130434782608696,1.891304347826087,6.108695652173913,1.9782608695652173,4.086956521739131,6.869565217391305,5.065217391304348,4.065217391304348,2.760869565217391,3.891304347826087,3.4782608695652173,8.652173913043478,3.0434782608695654,2.4347826086956523,0.8695652173913043,0.5869565217391305,6.8478260869565215,6.608695652173913,3.4130434782608696
737,887,0.001,8.521739130434783,6.956521739130435,1.173913043478261,1.8695652173913044,1.173913043478261,2.782608695652174,8.0,1.7391304347826086,2.5652173913043477,0.0,8.26086956521739,3.652173913043478,5.608695652173913,3.347826086956522,1.565217391304348,3.652173913043478,7.304347826086956,0.21739130434782608,8.695652173913043,9.08695652173913
738,887,0.1,0.24242424242424243,2.4242424242424243,2.757575757575758,4.757575757575758,3.242424242424242,6.454545454545454,11.333333333333334,6.121212121212121,9.272727272727273,6.242424242424242,8.787878787878787,6.0,6.848484848484849,7.545454545454546,1.5151515151515151,0.30303030303030304,3.8181818181818183,0.030303030303030304,0.48484848484848486,9.393939393939394
739,3776,0.001,0.0,2.3,4.95,3.65,0.35,4.1,11.3,2.1,8.45,5.0,5.3,4.35,6.3,4.0,0.65,0.0,1.3,4.5,6.2,11.95
740,3776,1e-05,0.6,4.0,6.133333333333334,0.3333333333333333,7.6,4.6,8.133333333333333,8.466666666666667,6.933333333333334,10.066666666666666,6.533333333333333,0.26666666666666666,3.466666666666667,4.0,0.4666666666666667,0.4,3.7333333333333334,0.4666666666666667,5.133333333333334,11.133333333333333
741,180,0.001,0.03225806451612903,5.580645161290323,7.774193548387097,1.2258064516129032,2.935483870967742,1.032258064516129,6.580645161290323,5.096774193548387,2.903225806451613,3.096774193548387,1.032258064516129,7.67741935483871,1.8064516129032258,2.838709677419355,2.935483870967742,3.4193548387096775,5.580645161290323,1.935483870967742,6.129032258064516,6.645161290322581
742,180,0.1,10.91891891891892,5.702702702702703,7.45945945945946,5.378378378378378,4.5675675675675675,0.02702702702702703,6.513513513513513,6.972972972972973,2.7837837837837838,2.675675675675676,7.8108108108108105,6.594594594594595,3.7837837837837838,2.2432432432432434,2.0,4.8108108108108105,10.162162162162161,1.6216216216216217,5.945945945945946,9.08108108108108
743,679,0.001,2.193548387096774,0.03225806451612903,0.03225806451612903,5.161290322580645,4.935483870967742,12.35483870967742,9.935483870967742,1.064516129032258,3.4516129032258065,2.129032258064516,13.03225806451613,2.5161290322580645,1.4193548387096775,0.03225806451612903,0.3870967741935484,0.9354838709677419,4.32258064516129,0.0,3.129032258064516,7.806451612903226
744,679,0.1,1.3076923076923077,3.2564102564102564,1.1538461538461537,4.358974358974359,3.128205128205128,3.1794871794871793,6.0256410256410255,2.4358974358974357,5.871794871794871,5.3076923076923075,13.974358974358974,2.282051282051282,5.461538461538462,3.5641025641025643,2.1794871794871793,0.8717948717948718,7.666666666666667,1.8461538461538463,6.897435897435898,10.41025641025641
745,6213,0.001,7.56,4.08,3.72,2.52,4.8,1.08,5.56,1.88,0.6,2.72,4.96,1.28,0.4,0.32,2.0,1.36,11.28,1.4,3.08,4.16
746,6213,0.1,8.552631578947368,1.736842105263158,3.763157894736842,0.0,0.47368421052631576,0.0,3.6842105263157894,6.842105263157895,3.026315789473684,5.052631578947368,0.42105263157894735,2.236842105263158,4.2631578947368425,2.3421052631578947,0.0,1.0,20.973684210526315,10.0,16.36842105263158,3.0
747,101010,1e-07,4.958333333333333,4.666666666666667,5.291666666666667,1.5416666666666667,3.6666666666666665,2.8333333333333335,9.833333333333334,4.375,1.4166666666666667,2.0416666666666665,8.291666666666666,3.8333333333333335,1.2083333333333333,1.8333333333333333,0.25,0.08333333333333333,1.4583333333333333,0.041666666666666664,2.7916666666666665,2.5833333333333335
748,101010,1e-05,2.8461538461538463,1.1923076923076923,1.1153846153846154,5.326923076923077,3.3461538461538463,7.384615384615385,11.153846153846153,5.865384615384615,5.326923076923077,5.365384615384615,12.634615384615385,3.6153846153846154,5.403846153846154,4.961538461538462,2.4038461538461537,7.730769230769231,6.576923076923077,0.9038461538461539,7.884615384615385,11.48076923076923
749,16220109,0.001,5.804347826086956,6.521739130434782,3.347826086956522,5.173913043478261,1.5434782608695652,2.108695652173913,2.891304347826087,5.326086956521739,6.8478260869565215,4.565217391304348,6.217391304347826,4.630434782608695,5.695652173913044,0.2608695652173913,0.9782608695652174,1.5434782608695652,6.217391304347826,0.6956521739130435,2.8043478260869565,11.934782608695652
750,16220109,0.1,10.054545454545455,10.218181818181819,2.1636363636363636,1.8363636363636364,1.2,0.05454545454545454,7.0181818181818185,4.7272727272727275,3.5272727272727273,2.8545454545454545,7.3090909090909095,5.090909090909091,5.454545454545454,0.7090909090909091,0.43636363636363634,9.4,10.127272727272727,1.0545454545454545,3.3636363636363638,7.054545454545455
751,23235,0.1,2.5090909090909093,3.727272727272727,4.0,4.109090909090909,8.545454545454545,2.9272727272727272,9.6,7.181818181818182,13.909090909090908,14.018181818181818,7.8,8.709090909090909,5.3090909090909095,1.3272727272727274,0.9454545454545454,4.890909090909091,12.781818181818181,1.8,3.7636363636363637,31.418181818181818
752,23235,0.001,3.2291666666666665,3.6041666666666665,9.8125,4.5625,3.125,4.520833333333333,7.208333333333333,6.041666666666667,8.3125,6.520833333333333,8.0625,4.875,2.3541666666666665,2.5625,2.5208333333333335,3.5833333333333335,10.229166666666666,0.3541666666666667,1.6458333333333333,17.6875
753,10857465,0.001,11.511111111111111,1.2222222222222223,2.6444444444444444,1.0,0.2,1.2222222222222223,7.955555555555556,5.511111111111111,0.3333333333333333,0.5777777777777777,0.7777777777777778,2.1333333333333333,3.6666666666666665,1.3777777777777778,0.0,0.5111111111111111,10.333333333333334,0.28888888888888886,0.5555555555555556,9.133333333333333
754,10857465,0.1,15.923076923076923,1.8076923076923077,5.288461538461538,0.5384615384615384,2.5961538461538463,1.1153846153846154,10.653846153846153,6.230769230769231,4.75,2.3846153846153846,2.5576923076923075,4.365384615384615,2.0576923076923075,1.25,0.019230769230769232,1.7692307692307692,7.711538461538462,0.07692307692307693,0.7307692307692307,9.653846153846153
755,12741,1e-05,5.0,1.096774193548387,1.3548387096774193,1.1290322580645162,3.6129032258064515,2.0,9.548387096774194,4.096774193548387,1.032258064516129,2.806451612903226,4.096774193548387,0.5806451612903226,4.935483870967742,1.5806451612903225,0.0,2.6129032258064515,9.774193548387096,0.03225806451612903,4.258064516129032,10.580645161290322
756,12741,0.001,6.229166666666667,1.3333333333333333,3.7916666666666665,1.5625,3.0208333333333335,3.0833333333333335,3.3333333333333335,2.0416666666666665,0.5833333333333334,4.5625,1.1458333333333333,2.4583333333333335,3.3958333333333335,1.3958333333333333,0.9375,6.854166666666667,18.854166666666668,3.3541666666666665,8.9375,8.125
757,12748,0.001,0.02040816326530612,1.2040816326530612,4.551020408163265,5.448979591836735,4.285714285714286,6.571428571428571,7.816326530612245,5.816326530612245,6.142857142857143,11.89795918367347,3.0408163265306123,1.6326530612244898,9.755102040816327,9.204081632653061,3.183673469387755,0.02040816326530612,2.0816326530612246,0.16326530612244897,8.142857142857142,7.3061224489795915
758,12748,1e-05,2.574468085106383,4.148936170212766,1.553191489361702,5.361702127659575,2.617021276595745,3.5106382978723403,9.51063829787234,2.6808510638297873,5.531914893617022,4.914893617021277,7.872340425531915,2.74468085106383,6.829787234042553,7.617021276595745,1.6595744680851063,0.9574468085106383,5.851063829787234,0.6170212765957447,5.574468085106383,8.553191489361701
759,61199,1e-07,4.943396226415095,1.5849056603773586,6.754716981132075,0.3018867924528302,1.7735849056603774,0.3018867924528302,6.735849056603773,6.471698113207547,1.150943396226415,6.7924528301886795,1.9433962264150944,2.1132075471698113,10.528301886792454,2.3207547169811322,1.2641509433962264,8.60377358490566,23.88679245283019,15.943396226415095,23.37735849056604,3.7735849056603774
760,61199,1e-05,5.319148936170213,3.595744680851064,4.702127659574468,0.10638297872340426,2.893617021276596,1.3191489361702127,5.212765957446808,9.48936170212766,3.5319148936170213,5.872340425531915,3.723404255319149,0.723404255319149,7.851063829787234,0.9574468085106383,0.723404255319149,4.595744680851064,18.829787234042552,15.404255319148936,12.595744680851064,8.638297872340425
761,12810,0.001,7.111111111111111,0.2962962962962963,3.9444444444444446,1.037037037037037,0.8888888888888888,0.18518518518518517,2.3333333333333335,4.611111111111111,2.3518518518518516,2.314814814814815,1.8703703703703705,0.7777777777777778,3.740740740740741,0.6481481481481481,0.37037037037037035,12.981481481481481,33.129629629629626,6.611111111111111,16.333333333333332,6.351851851851852
762,12810,1e-05,14.282608695652174,1.4565217391304348,2.9130434782608696,0.021739130434782608,1.2826086956521738,1.565217391304348,0.9130434782608695,2.9347826086956523,2.5,1.2391304347826086,4.021739130434782,5.282608695652174,2.760869565217391,0.5869565217391305,0.41304347826086957,14.478260869565217,24.608695652173914,8.978260869565217,13.695652173913043,7.891304347826087
763,12813,1e-05,5.589743589743589,4.128205128205129,2.5384615384615383,0.1794871794871795,1.358974358974359,0.0,2.41025641025641,2.3076923076923075,1.435897435897436,1.1794871794871795,2.3333333333333335,2.41025641025641,5.333333333333333,1.358974358974359,0.0,11.153846153846153,17.94871794871795,3.282051282051282,7.538461538461538,7.666666666666667
764,12813,0.001,9.37037037037037,1.5555555555555556,2.7777777777777777,0.14814814814814814,1.5,2.0,2.611111111111111,5.2592592592592595,3.9814814814814814,3.3333333333333335,3.2777777777777777,3.9444444444444446,3.3333333333333335,0.2777777777777778,0.018518518518518517,10.666666666666666,23.48148148148148,2.537037037037037,6.037037037037037,7.944444444444445
765,6274,0.1,2.0,0.2708333333333333,1.6666666666666667,6.979166666666667,5.166666666666667,5.208333333333333,9.291666666666666,8.104166666666666,9.895833333333334,4.291666666666667,5.354166666666667,6.208333333333333,5.333333333333333,0.25,0.10416666666666667,0.0625,4.8125,0.75,5.25,11.958333333333334
766,6274,0.001,3.8518518518518516,0.0,1.1481481481481481,0.8148148148148148,2.5925925925925926,1.5185185185185186,4.037037037037037,2.6666666666666665,1.1481481481481481,0.5185185185185185,2.925925925925926,5.666666666666667,5.407407407407407,3.5185185185185186,0.5185185185185185,0.8148148148148148,5.666666666666667,0.9259259259259259,2.7777777777777777,5.481481481481482
767,61204,0.001,7.722222222222222,1.5185185185185186,1.5555555555555556,4.314814814814815,1.4444444444444444,1.8703703703703705,6.703703703703703,4.037037037037037,2.9074074074074074,3.685185185185185,7.092592592592593,3.8518518518518516,5.0,2.3333333333333335,1.4074074074074074,11.11111111111111,20.27777777777778,2.2222222222222223,8.296296296296296,10.814814814814815
768,61204,1e-05,3.3714285714285714,0.08571428571428572,0.11428571428571428,0.2,0.5714285714285714,0.45714285714285713,2.6,5.571428571428571,3.6,0.6285714285714286,4.2,2.4857142857142858,2.6285714285714286,2.3714285714285714,0.11428571428571428,5.0,13.742857142857142,2.2,1.8857142857142857,12.971428571428572
769,1031,0.001,2.8823529411764706,3.676470588235294,1.1470588235294117,2.5,3.6176470588235294,1.7647058823529411,13.117647058823529,3.588235294117647,0.5294117647058824,1.3823529411764706,4.9411764705882355,2.9411764705882355,8.911764705882353,1.3823529411764706,0.029411764705882353,1.8823529411764706,11.352941176470589,3.1470588235294117,7.852941176470588,8.058823529411764
770,1031,1e-05,6.363636363636363,4.2727272727272725,6.0,1.8181818181818181,2.090909090909091,2.6363636363636362,6.181818181818182,2.090909090909091,2.9545454545454546,0.0,2.9545454545454546,0.6363636363636364,4.090909090909091,3.090909090909091,2.0,1.1818181818181819,14.818181818181818,1.7272727272727273,4.636363636363637,1.3636363636363635
771,263,1e-07,4.481481481481482,5.555555555555555,1.8518518518518519,0.7407407407407407,0.7407407407407407,0.25925925925925924,4.962962962962963,5.407407407407407,6.296296296296297,0.25925925925925924,1.7407407407407407,0.037037037037037035,8.777777777777779,1.1851851851851851,0.5185185185185185,0.2962962962962963,1.2962962962962963,5.037037037037037,0.4074074074074074,6.222222222222222
772,263,1e-05,0.4444444444444444,0.6296296296296297,0.8518518518518519,2.0,3.1481481481481484,4.0,7.407407407407407,3.925925925925926,2.2962962962962963,1.6666666666666667,12.185185185185185,2.074074074074074,4.592592592592593,4.814814814814815,0.6296296296296297,1.6296296296296295,7.7407407407407405,2.3703703703703702,4.185185185185185,6.814814814814815
773,6276,1e-05,1.8571428571428572,1.6904761904761905,1.9761904761904763,1.7142857142857142,3.880952380952381,3.9047619047619047,14.166666666666666,1.0238095238095237,1.5238095238095237,3.5476190476190474,8.738095238095237,0.6666666666666666,2.738095238095238,1.9047619047619047,0.5476190476190477,2.0,5.142857142857143,1.2619047619047619,3.0476190476190474,9.904761904761905
774,6276,0.001,0.358974358974359,0.358974358974359,2.769230769230769,8.256410256410257,8.538461538461538,11.461538461538462,16.82051282051282,1.6923076923076923,7.769230769230769,4.743589743589744,13.948717948717949,5.871794871794871,5.128205128205129,2.051282051282051,1.6666666666666667,1.1538461538461537,2.58974358974359,0.02564102564102564,1.1282051282051282,7.205128205128205
775,241,0.001,3.0,0.5769230769230769,0.5,0.4230769230769231,3.0384615384615383,4.115384615384615,6.461538461538462,4.038461538461538,0.8846153846153846,5.3076923076923075,3.576923076923077,1.0384615384615385,2.6538461538461537,1.3076923076923077,0.0,0.34615384615384615,6.8076923076923075,2.1538461538461537,3.3846153846153846,10.653846153846153
776,241,1e-05,0.0,3.1818181818181817,3.772727272727273,0.7272727272727273,2.8636363636363638,9.954545454545455,8.136363636363637,12.363636363636363,2.909090909090909,5.318181818181818,7.181818181818182,3.090909090909091,4.7272727272727275,4.454545454545454,3.8181818181818183,0.0,3.727272727272727,0.8181818181818182,0.5909090909090909,4.136363636363637
777,251531,1e-05,6.956521739130435,0.6521739130434783,4.043478260869565,5.391304347826087,1.0869565217391304,0.6086956521739131,4.478260869565218,4.043478260869565,3.739130434782609,3.0869565217391304,6.391304347826087,1.9130434782608696,1.7826086956521738,1.2173913043478262,0.782608695652174,2.217391304347826,7.956521739130435,2.0869565217391304,3.0434782608695654,18.565217391304348
778,251531,0.001,11.425531914893616,0.3404255319148936,0.851063829787234,1.4893617021276595,3.3191489361702127,1.0,4.170212765957447,5.382978723404255,3.617021276595745,1.425531914893617,5.23404255319149,1.7234042553191489,2.127659574468085,2.595744680851064,0.0425531914893617,1.3404255319148937,13.680851063829786,0.8085106382978723,3.8297872340425534,9.638297872340425
779,23642,1e-05,0.2,2.1272727272727274,3.1272727272727274,11.472727272727273,5.763636363636364,6.836363636363636,13.8,5.090909090909091,6.218181818181818,17.87272727272727,5.3090909090909095,1.4363636363636363,7.181818181818182,5.1454545454545455,6.672727272727273,0.12727272727272726,0.9818181818181818,3.090909090909091,5.654545454545454,13.218181818181819
780,23642,1e-07,7.72,1.76,2.36,2.2,0.52,0.88,9.52,2.32,4.76,2.24,6.36,8.88,2.76,1.44,0.28,3.28,6.84,1.52,2.88,5.64
781,6287,0.001,0.8695652173913043,1.0,0.2608695652173913,1.565217391304348,5.521739130434782,0.391304347826087,4.782608695652174,3.0869565217391304,1.7826086956521738,1.3478260869565217,5.434782608695652,4.478260869565218,2.130434782608696,2.8260869565217392,3.8260869565217392,0.2608695652173913,7.695652173913044,3.260869565217391,2.6956521739130435,8.695652173913043
782,6287,0.1,2.7906976744186047,3.0232558139534884,4.255813953488372,2.3488372093023258,1.5116279069767442,7.372093023255814,9.55813953488372,8.604651162790697,1.0930232558139534,5.093023255813954,1.5348837209302326,4.023255813953488,3.744186046511628,2.4651162790697674,0.6511627906976745,0.11627906976744186,6.674418604651163,4.348837209302325,4.6976744186046515,7.209302325581396
783,24020,1e-05,9.236363636363636,0.5272727272727272,0.3090909090909091,0.01818181818181818,0.01818181818181818,0.01818181818181818,0.5454545454545454,4.509090909090909,0.23636363636363636,0.23636363636363636,3.7818181818181817,3.036363636363636,2.2181818181818183,0.18181818181818182,0.16363636363636364,29.418181818181818,29.472727272727273,2.2,22.818181818181817,4.781818181818182
784,24020,0.001,11.072727272727272,1.7636363636363637,0.09090909090909091,0.2727272727272727,0.10909090909090909,0.05454545454545454,0.41818181818181815,5.636363636363637,2.709090909090909,0.2909090909090909,5.218181818181818,3.8545454545454545,1.1454545454545455,0.07272727272727272,0.05454545454545454,28.21818181818182,35.30909090909091,4.7272727272727275,21.563636363636363,5.909090909090909
785,6322,0.1,1.7,2.75,0.35,0.6,0.35,3.9,3.65,7.1,5.05,2.65,6.2,4.7,4.6,0.25,0.0,0.0,8.8,4.25,0.35,8.3
786,6322,0.001,5.571428571428571,6.523809523809524,3.3333333333333335,3.4285714285714284,1.9047619047619047,4.809523809523809,8.476190476190476,2.8095238095238093,2.0952380952380953,0.8095238095238095,5.666666666666667,4.190476190476191,1.3333333333333333,2.857142857142857,0.0,3.7142857142857144,3.4285714285714284,0.23809523809523808,0.19047619047619047,9.761904761904763
787,24116,1e-05,8.068965517241379,0.6206896551724138,6.620689655172414,5.310344827586207,1.4137931034482758,1.896551724137931,6.586206896551724,6.9655172413793105,0.896551724137931,0.0,7.655172413793103,9.862068965517242,0.4482758620689655,0.0,0.0,1.9655172413793103,6.862068965517241,0.4482758620689655,5.517241379310345,9.827586206896552
788,24116,0.001,11.75,1.1153846153846154,1.0384615384615385,1.7884615384615385,1.3653846153846154,1.3846153846153846,5.384615384615385,7.096153846153846,5.134615384615385,1.5576923076923077,3.230769230769231,5.076923076923077,5.403846153846154,0.11538461538461539,1.3461538461538463,8.48076923076923,11.846153846153847,1.5192307692307692,3.9423076923076925,9.76923076923077
789,61408,0.001,2.764705882352941,0.4117647058823529,1.8823529411764706,4.137254901960785,4.313725490196078,2.607843137254902,6.470588235294118,5.352941176470588,8.196078431372548,3.784313725490196,5.078431372549019,5.235294117647059,3.372549019607843,1.0196078431372548,0.058823529411764705,8.235294117647058,14.745098039215685,1.3333333333333333,9.901960784313726,13.647058823529411
790,61408,1e-05,11.279069767441861,1.0,1.0232558139534884,0.23255813953488372,2.953488372093023,0.7906976744186046,2.186046511627907,2.558139534883721,3.186046511627907,1.0232558139534884,2.883720930232558,3.302325581395349,0.7209302325581395,1.7674418604651163,1.0930232558139534,10.465116279069768,25.41860465116279,4.0,8.372093023255815,6.744186046511628
791,5364729,0.001,5.763636363636364,2.8545454545454545,0.8545454545454545,1.8545454545454545,1.7636363636363637,3.3454545454545452,3.036363636363636,1.2727272727272727,4.963636363636364,1.0363636363636364,14.345454545454546,7.509090909090909,3.4363636363636365,1.5454545454545454,0.8727272727272727,11.272727272727273,13.327272727272728,3.418181818181818,10.618181818181819,6.909090909090909
792,5364729,1e-05,2.3137254901960786,8.745098039215685,1.6862745098039216,2.0980392156862746,1.2941176470588236,1.5098039215686274,5.980392156862745,5.529411764705882,6.137254901960785,4.137254901960785,13.450980392156863,6.019607843137255,4.372549019607843,1.2941176470588236,2.7254901960784315,5.196078431372549,8.196078431372548,2.3529411764705883,5.490196078431373,12.098039215686274
793,177,1e-05,4.5625,1.1875,0.28125,3.0625,0.3125,1.15625,6.34375,1.875,1.90625,1.28125,6.90625,3.4375,0.40625,1.46875,1.5625,3.375,12.9375,4.5,7.75,6.75
794,177,0.001,1.9761904761904763,3.0476190476190474,0.9523809523809523,2.9523809523809526,3.4285714285714284,2.3095238095238093,3.5714285714285716,3.119047619047619,4.142857142857143,1.119047619047619,8.833333333333334,3.9761904761904763,2.380952380952381,0.5714285714285714,0.0,0.30952380952380953,12.047619047619047,4.619047619047619,6.214285714285714,9.761904761904763
795,1068,1e-05,0.9148936170212766,0.10638297872340426,0.5957446808510638,10.404255319148936,4.0212765957446805,3.127659574468085,5.8936170212765955,6.148936170212766,5.617021276595745,2.9574468085106385,10.382978723404255,4.446808510638298,9.808510638297872,8.23404255319149,1.425531914893617,5.276595744680851,9.25531914893617,5.042553191489362,10.74468085106383,5.574468085106383
796,1068,0.001,2.36,3.06,1.64,9.52,2.9,6.24,4.42,1.8,2.52,0.48,10.18,4.14,7.74,2.4,6.14,0.8,5.38,2.2,7.52,5.16
797,7793,0.001,9.0,3.4814814814814814,2.0925925925925926,2.9074074074074074,2.814814814814815,1.5,2.3333333333333335,4.037037037037037,6.166666666666667,4.055555555555555,5.666666666666667,2.7222222222222223,4.111111111111111,0.018518518518518517,0.12962962962962962,11.88888888888889,16.666666666666668,0.09259259259259259,3.6296296296296298,13.203703703703704
798,7793,1e-05,7.761904761904762,0.14285714285714285,0.3333333333333333,1.9761904761904763,1.880952380952381,1.3095238095238095,1.3571428571428572,1.5714285714285714,2.380952380952381,0.30952380952380953,5.142857142857143,3.880952380952381,6.190476190476191,0.07142857142857142,0.16666666666666666,9.642857142857142,9.642857142857142,0.2857142857142857,5.5,5.738095238095238
799,5366244,0.1,0.16666666666666666,2.5,2.5925925925925926,3.5185185185185186,4.37037037037037,6.333333333333333,7.851851851851852,6.481481481481482,14.407407407407407,9.833333333333334,11.055555555555555,1.4074074074074074,4.648148148148148,2.1666666666666665,0.16666666666666666,0.2777777777777778,1.5185185185185186,1.2962962962962963,1.6666666666666667,17.5
800,5366244,0.001,1.5,4.0625,1.3125,1.8125,6.625,0.0,8.25,5.75,3.1875,1.75,9.75,5.875,1.9375,4.75,0.0,0.0,7.4375,0.75,6.5625,2.375
801,6374,0.001,2.2641509433962264,1.2830188679245282,1.2075471698113207,1.9811320754716981,6.39622641509434,2.7547169811320753,10.452830188679245,4.528301886792453,14.037735849056604,4.60377358490566,9.377358490566039,6.622641509433962,3.452830188679245,2.4150943396226414,2.2830188679245285,1.1132075471698113,4.584905660377358,0.5471698113207547,0.5471698113207547,25.67924528301887
802,6374,0.1,1.6,0.03636363636363636,2.290909090909091,2.5272727272727273,7.945454545454545,2.709090909090909,7.8545454545454545,4.781818181818182,8.563636363636364,3.109090909090909,7.527272727272727,2.381818181818182,3.1454545454545455,1.0363636363636364,2.690909090909091,1.8181818181818181,2.1818181818181817,0.10909090909090909,1.0,28.036363636363635
803,807,0.1,0.019230769230769232,0.28846153846153844,0.40384615384615385,14.038461538461538,10.384615384615385,5.653846153846154,6.096153846153846,3.173076923076923,14.615384615384615,7.096153846153846,10.884615384615385,4.634615384615385,3.7884615384615383,3.3076923076923075,1.4230769230769231,0.019230769230769232,0.019230769230769232,0.019230769230769232,0.019230769230769232,17.557692307692307
804,807,0.001,9.5,4.958333333333333,2.0416666666666665,5.208333333333333,2.75,3.3333333333333335,7.958333333333333,8.25,3.125,2.0833333333333335,6.916666666666667,2.6666666666666665,4.291666666666667,3.7083333333333335,1.875,1.25,10.416666666666666,0.5833333333333334,0.875,16.625
805,24203,0.001,4.666666666666667,0.375,4.166666666666667,2.5416666666666665,0.9166666666666666,5.75,7.125,3.0416666666666665,0.2916666666666667,4.125,6.208333333333333,5.416666666666667,3.125,2.9583333333333335,0.0,0.9166666666666666,14.333333333333334,1.7916666666666667,5.208333333333333,4.166666666666667
806,24203,0.1,4.928571428571429,0.6071428571428571,0.32142857142857145,1.4285714285714286,0.03571428571428571,0.07142857142857142,2.0,8.321428571428571,0.03571428571428571,2.0357142857142856,3.0357142857142856,0.8571428571428571,2.1785714285714284,2.5357142857142856,0.03571428571428571,6.178571428571429,24.464285714285715,3.1785714285714284,6.571428571428571,5.035714285714286
807,6386,0.1,3.877551020408163,2.9591836734693877,4.36734693877551,4.959183673469388,9.040816326530612,1.530612244897959,2.6530612244897958,3.3877551020408165,11.36734693877551,3.3469387755102042,5.020408163265306,4.6938775510204085,1.9387755102040816,0.0,0.0,1.9591836734693877,4.224489795918367,0.0,0.02040816326530612,27.571428571428573
808,6386,0.001,4.583333333333333,5.708333333333333,6.625,0.0,0.4166666666666667,1.25,9.791666666666666,4.625,2.0,5.375,6.291666666666667,5.833333333333333,1.9166666666666667,0.625,2.875,3.875,9.458333333333334,0.041666666666666664,7.041666666666667,4.125
809,2537,0.001,4.020833333333333,5.270833333333333,4.4375,1.625,9.1875,3.2291666666666665,2.5208333333333335,4.041666666666667,9.166666666666666,1.7916666666666667,0.8125,5.083333333333333,3.375,1.7083333333333333,1.5,1.5833333333333333,8.125,1.2708333333333333,5.395833333333333,26.666666666666668
810,2537,1e-05,0.8260869565217391,14.08695652173913,4.043478260869565,3.0,0.30434782608695654,1.0434782608695652,5.086956521739131,3.217391304347826,0.9565217391304348,2.391304347826087,1.7391304347826086,0.6086956521739131,2.347826086956522,2.1739130434782608,0.21739130434782608,2.0,4.304347826086956,0.9565217391304348,2.260869565217391,10.434782608695652
811,6448,1e-05,6.205128205128205,3.3846153846153846,2.7948717948717947,1.435897435897436,1.6666666666666667,2.8461538461538463,6.230769230769231,5.666666666666667,7.846153846153846,1.5897435897435896,2.58974358974359,3.5384615384615383,6.358974358974359,1.6153846153846154,0.02564102564102564,1.1025641025641026,8.461538461538462,3.5128205128205128,1.205128205128205,14.179487179487179
812,6448,0.001,6.454545454545454,1.4772727272727273,2.9318181818181817,5.681818181818182,8.204545454545455,0.7954545454545454,5.409090909090909,4.590909090909091,5.295454545454546,1.75,3.9318181818181817,7.568181818181818,4.136363636363637,3.0681818181818183,0.29545454545454547,2.159090909090909,4.818181818181818,0.5454545454545454,1.0227272727272727,16.113636363636363
813,61209,0.1,0.6727272727272727,0.12727272727272726,4.345454545454546,1.309090909090909,0.7818181818181819,2.381818181818182,1.3636363636363635,7.581818181818182,2.6545454545454548,21.09090909090909,5.7272727272727275,1.6727272727272726,4.745454545454545,1.3272727272727274,1.8909090909090909,0.9090909090909091,8.763636363636364,8.309090909090909,10.472727272727273,7.581818181818182
814,61209,0.001,3.185185185185185,0.2777777777777778,4.722222222222222,4.2592592592592595,1.7962962962962963,2.740740740740741,10.185185185185185,7.518518518518518,7.148148148148148,10.481481481481481,10.351851851851851,2.4814814814814814,7.62962962962963,2.4444444444444446,0.7407407407407407,3.5,13.592592592592593,4.962962962962963,6.555555555555555,5.277777777777778
815,962,0.001,7.1923076923076925,5.961538461538462,4.1923076923076925,4.6923076923076925,6.115384615384615,4.576923076923077,8.307692307692308,5.3076923076923075,1.9615384615384615,4.038461538461538,5.230769230769231,1.8846153846153846,4.8076923076923075,5.653846153846154,3.730769230769231,0.4230769230769231,5.576923076923077,0.15384615384615385,6.3076923076923075,7.884615384615385
816,962,0.1,5.758620689655173,5.137931034482759,3.5172413793103448,0.4827586206896552,2.310344827586207,0.6551724137931034,3.413793103448276,2.793103448275862,0.034482758620689655,3.4482758620689653,0.5172413793103449,2.2413793103448274,5.0344827586206895,1.3793103448275863,0.9655172413793104,3.586206896551724,6.068965517241379,2.2413793103448274,4.206896551724138,3.0
817,24473,0.001,6.583333333333333,2.7083333333333335,5.604166666666667,0.5833333333333334,5.604166666666667,2.4166666666666665,6.104166666666667,6.625,6.1875,2.9791666666666665,5.416666666666667,1.4166666666666667,7.416666666666667,2.1041666666666665,0.6666666666666666,2.75,10.104166666666666,0.5,2.0,13.916666666666666
818,24473,0.1,5.781818181818182,5.763636363636364,3.1636363636363636,2.5090909090909093,10.872727272727273,0.9818181818181818,3.1454545454545455,5.2,9.872727272727273,0.9272727272727272,5.745454545454545,8.672727272727272,7.2727272727272725,1.9636363636363636,0.01818181818181818,8.290909090909091,11.181818181818182,1.0,3.8,22.727272727272727
819,24513,0.001,1.6571428571428573,9.571428571428571,4.3428571428571425,2.2857142857142856,0.0,2.8857142857142857,5.0285714285714285,2.4,1.2571428571428571,1.8,3.2,3.0,4.885714285714286,1.8571428571428572,0.0,2.2285714285714286,7.6571428571428575,0.02857142857142857,6.428571428571429,1.2571428571428571
820,24513,0.1,11.365384615384615,3.1923076923076925,3.4423076923076925,3.0384615384615383,2.980769230769231,0.019230769230769232,2.75,2.25,7.615384615384615,4.153846153846154,7.730769230769231,10.153846153846153,3.5384615384615383,0.6730769230769231,0.019230769230769232,13.596153846153847,14.115384615384615,1.4038461538461537,4.25,12.807692307692308
821,6753,1e-05,0.1,0.85,0.95,0.25,2.8,3.85,12.15,2.25,2.5,0.0,6.8,0.0,1.65,2.6,0.0,0.0,8.65,1.2,5.65,4.75
822,6753,0.001,3.3846153846153846,0.34615384615384615,1.6538461538461537,0.2692307692307692,0.0,0.34615384615384615,9.26923076923077,1.6923076923076923,3.3846153846153846,1.1923076923076923,10.461538461538462,3.076923076923077,0.34615384615384615,1.8461538461538463,0.0,1.5,13.5,5.423076923076923,3.269230769230769,7.076923076923077
823,5273467,0.001,4.714285714285714,0.17857142857142858,2.892857142857143,5.642857142857143,0.7857142857142857,8.892857142857142,8.75,1.6785714285714286,2.7857142857142856,5.392857142857143,6.5,8.285714285714286,0.39285714285714285,2.5,0.07142857142857142,2.2142857142857144,2.9285714285714284,0.4642857142857143,0.0,5.071428571428571
824,5273467,1e-05,2.8076923076923075,0.038461538461538464,0.6538461538461539,0.07692307692307693,0.23076923076923078,1.4615384615384615,1.1153846153846154,2.3461538461538463,1.9615384615384615,1.3461538461538463,6.461538461538462,3.0,0.6923076923076923,0.4230769230769231,1.4615384615384615,7.423076923076923,21.192307692307693,4.846153846153846,8.961538461538462,6.115384615384615
825,6501,1e-07,8.866666666666667,6.133333333333334,0.3333333333333333,0.26666666666666666,1.0,0.0,2.8,6.866666666666666,2.3333333333333335,4.0,5.133333333333334,0.7333333333333333,2.8666666666666667,2.8,0.0,3.533333333333333,6.0,0.0,6.2,0.8
826,6501,1e-05,6.513513513513513,1.4594594594594594,1.5405405405405406,1.3783783783783783,4.27027027027027,2.6486486486486487,3.918918918918919,7.702702702702703,0.24324324324324326,0.7027027027027027,5.081081081081081,3.5675675675675675,4.5675675675675675,0.35135135135135137,2.2432432432432434,14.27027027027027,17.16216216216216,2.3783783783783785,8.54054054054054,9.54054054054054
827,82227,1e-05,8.969696969696969,6.0606060606060606,7.0606060606060606,0.18181818181818182,4.0606060606060606,0.030303030303030304,7.545454545454546,4.9393939393939394,7.121212121212121,1.606060606060606,4.242424242424242,2.878787878787879,11.696969696969697,0.6666666666666666,0.030303030303030304,3.0,3.6666666666666665,0.7272727272727273,3.696969696969697,9.121212121212121
828,82227,0.001,4.22,3.54,4.38,0.66,3.74,1.76,1.9,4.9,6.08,4.64,4.52,4.58,7.82,0.84,0.56,2.12,5.02,0.88,4.08,19.28
829,228769,1e-05,2.7142857142857144,11.571428571428571,3.7142857142857144,0.7857142857142857,3.5714285714285716,1.8928571428571428,7.214285714285714,1.7142857142857142,1.2142857142857142,0.7857142857142857,3.642857142857143,2.25,1.8571428571428572,1.9642857142857142,2.357142857142857,1.5714285714285714,5.392857142857143,2.392857142857143,4.428571428571429,7.285714285714286
830,228769,0.001,2.032258064516129,2.3548387096774195,5.387096774193548,2.4516129032258065,3.903225806451613,3.193548387096774,8.225806451612904,1.935483870967742,1.3548387096774193,3.6129032258064515,9.419354838709678,4.967741935483871,2.935483870967742,6.096774193548387,2.3548387096774195,2.3225806451612905,2.5161290322580645,0.6774193548387096,0.4838709677419355,6.967741935483871
831,14525,1e-05,5.4,0.0,0.0,0.05,4.2,6.4,7.15,5.35,0.05,0.05,3.5,0.05,2.85,2.45,0.0,0.05,6.7,4.05,7.5,5.5
832,14525,0.001,4.3076923076923075,2.25,5.134615384615385,1.9615384615384615,5.269230769230769,0.9038461538461539,7.211538461538462,4.711538461538462,4.153846153846154,4.8076923076923075,3.519230769230769,8.076923076923077,6.711538461538462,0.5384615384615384,0.6153846153846154,2.4423076923076925,6.519230769230769,0.09615384615384616,1.9807692307692308,25.75
833,6505,0.001,0.06666666666666667,0.0,0.0,0.0,0.06666666666666667,0.26666666666666666,6.266666666666667,1.6666666666666667,0.06666666666666667,0.2,4.666666666666667,0.0,1.0,0.0,0.7333333333333333,2.2,4.533333333333333,3.066666666666667,1.5333333333333334,0.13333333333333333
834,6505,0.1,0.18181818181818182,0.7272727272727273,5.181818181818182,1.4848484848484849,1.7878787878787878,5.393939393939394,8.757575757575758,5.03030303030303,4.424242424242424,4.333333333333333,8.151515151515152,5.333333333333333,3.727272727272727,5.666666666666667,2.5757575757575757,0.030303030303030304,2.8181818181818183,5.818181818181818,5.303030303030303,9.393939393939394
835,311,0.001,2.0,0.0,0.6,1.1333333333333333,0.4,0.4666666666666667,8.6,3.7333333333333334,0.9333333333333333,1.9333333333333333,10.866666666666667,3.6,1.9333333333333333,1.4,0.9333333333333333,0.06666666666666667,9.533333333333333,2.2666666666666666,4.733333333333333,3.8
836,311,0.1,1.5333333333333334,2.3666666666666667,5.7,1.3333333333333333,3.5,1.8666666666666667,5.1,6.266666666666667,5.5,2.5,12.766666666666667,8.966666666666667,3.8333333333333335,3.0,1.3333333333333333,0.4,12.933333333333334,3.466666666666667,8.866666666666667,4.733333333333333
837,6506,0.001,2.7222222222222223,0.3888888888888889,5.333333333333333,0.0,2.611111111111111,6.0,5.055555555555555,3.8333333333333335,2.7777777777777777,5.722222222222222,4.944444444444445,6.111111111111111,2.111111111111111,4.777777777777778,2.388888888888889,0.6666666666666666,5.888888888888889,3.5555555555555554,3.7777777777777777,8.722222222222221
838,6506,0.1,4.05,0.975,1.375,0.625,3.575,6.2,3.15,8.0,5.025,2.525,6.675,5.275,3.75,1.475,0.85,2.4,5.675,0.225,2.95,15.875
839,6544,1e-05,2.65625,1.53125,1.5625,1.40625,4.5625,0.78125,3.4375,5.8125,2.46875,0.8125,5.625,0.9375,5.40625,0.46875,0.0,1.96875,5.53125,1.03125,4.71875,6.40625
840,6544,0.001,7.22,2.94,3.8,2.66,3.48,0.08,4.1,5.02,5.04,1.26,2.32,2.52,4.84,1.18,0.18,4.82,11.98,0.78,2.78,6.12
841,6549,0.001,18.0,1.2352941176470589,1.1176470588235294,0.19607843137254902,2.0980392156862746,0.6274509803921569,1.7254901960784315,7.588235294117647,1.3137254901960784,1.5294117647058822,2.450980392156863,3.3137254901960786,6.117647058823529,2.2941176470588234,0.8431372549019608,12.823529411764707,24.352941176470587,3.627450980392157,9.254901960784315,9.627450980392156
842,6549,1e-05,17.05128205128205,5.17948717948718,2.6923076923076925,1.3333333333333333,0.20512820512820512,0.41025641025641024,4.0256410256410255,5.102564102564102,1.6923076923076923,1.4102564102564104,3.0256410256410255,4.487179487179487,1.641025641025641,0.6410256410256411,0.0,8.692307692307692,22.05128205128205,1.3333333333333333,9.0,4.9743589743589745
843,5355850,1e-05,5.388888888888889,3.8333333333333335,5.611111111111111,5.444444444444445,6.277777777777778,3.2777777777777777,8.833333333333334,5.055555555555555,8.722222222222221,1.3333333333333333,10.222222222222221,6.666666666666667,4.277777777777778,2.0555555555555554,3.7777777777777777,1.6111111111111112,2.2777777777777777,0.2777777777777778,1.5,4.5
844,5355850,0.001,8.465116279069768,1.1162790697674418,0.3023255813953488,4.209302325581396,3.6744186046511627,5.116279069767442,4.930232558139535,3.6511627906976742,4.162790697674419,1.7906976744186047,7.767441860465116,7.0,0.8372093023255814,2.2093023255813953,0.6744186046511628,5.534883720930233,11.116279069767442,1.8837209302325582,4.116279069767442,10.767441860465116
845,6560,1e-05,2.625,0.1875,3.59375,0.75,0.34375,1.125,8.34375,1.28125,3.53125,0.59375,8.21875,4.3125,1.84375,1.375,0.0,2.40625,7.375,2.21875,2.59375,9.71875
846,6560,0.001,0.05714285714285714,1.7142857142857142,0.4857142857142857,0.8857142857142857,3.4,8.914285714285715,6.857142857142857,4.228571428571429,8.971428571428572,3.2857142857142856,3.942857142857143,4.828571428571428,4.2,1.2,0.14285714285714285,1.6,6.571428571428571,4.057142857142857,2.7714285714285714,16.885714285714286
847,6561,0.001,0.43636363636363634,1.4181818181818182,3.1818181818181817,6.636363636363637,4.927272727272728,4.709090909090909,11.654545454545454,2.4727272727272727,10.49090909090909,7.872727272727273,11.690909090909091,3.272727272727273,4.2,1.490909090909091,1.3818181818181818,1.018181818181818,1.8363636363636364,0.5636363636363636,2.018181818181818,20.163636363636364
848,6561,1e-05,0.0425531914893617,2.6382978723404253,2.021276595744681,5.127659574468085,2.8297872340425534,6.702127659574468,7.276595744680851,3.234042553191489,8.361702127659575,5.9787234042553195,15.659574468085106,4.127659574468085,2.851063829787234,6.319148936170213,2.127659574468085,1.3829787234042554,2.0,1.9787234042553192,2.4893617021276597,10.23404255319149
849,6569,0.001,0.6666666666666666,3.0952380952380953,2.9761904761904763,1.4523809523809523,3.2857142857142856,6.357142857142857,5.904761904761905,1.8095238095238095,5.380952380952381,4.4523809523809526,6.333333333333333,5.214285714285714,6.904761904761905,2.2857142857142856,1.2380952380952381,1.2380952380952381,5.666666666666667,2.0952380952380953,3.5238095238095237,13.69047619047619
850,6569,1e-05,0.17391304347826086,2.347826086956522,3.6956521739130435,3.130434782608696,0.08695652173913043,0.0,4.739130434782608,5.3478260869565215,2.9565217391304346,4.086956521739131,7.478260869565218,7.434782608695652,0.0,3.739130434782609,1.0,0.0,11.217391304347826,2.5217391304347827,4.391304347826087,8.434782608695652
851,1032,1e-07,1.2758620689655173,2.413793103448276,0.9310344827586207,0.6551724137931034,6.655172413793103,5.620689655172414,14.137931034482758,1.3448275862068966,2.9655172413793105,3.7241379310344827,5.827586206896552,0.20689655172413793,2.7241379310344827,4.172413793103448,7.344827586206897,0.034482758620689655,2.896551724137931,2.0344827586206895,7.0344827586206895,6.206896551724138
852,1032,1e-05,2.2093023255813953,0.4186046511627907,1.441860465116279,1.9534883720930232,2.5348837209302326,4.674418604651163,10.488372093023257,3.953488372093023,3.2790697674418605,4.186046511627907,18.41860465116279,1.8837209302325582,6.627906976744186,3.372093023255814,1.372093023255814,3.0930232558139537,6.325581395348837,1.7209302325581395,5.837209302325581,10.883720930232558
853,6584,0.001,0.30434782608695654,7.695652173913044,2.652173913043478,5.260869565217392,3.4347826086956523,8.91304347826087,6.217391304347826,4.869565217391305,4.304347826086956,0.43478260869565216,11.956521739130435,0.043478260869565216,5.869565217391305,4.434782608695652,0.5217391304347826,0.21739130434782608,3.0434782608695654,3.0869565217391304,3.9130434782608696,3.391304347826087
854,6584,0.1,0.0784313725490196,0.0392156862745098,1.3137254901960784,3.1176470588235294,6.176470588235294,8.549019607843137,8.764705882352942,2.980392156862745,11.803921568627452,1.8235294117647058,10.529411764705882,3.549019607843137,3.392156862745098,2.843137254901961,0.17647058823529413,0.3333333333333333,1.588235294117647,0.09803921568627451,1.7843137254901962,19.58823529411765
855,6590,1e-05,2.4,0.0,2.422222222222222,6.933333333333334,4.088888888888889,11.88888888888889,12.644444444444444,5.711111111111111,3.466666666666667,3.1555555555555554,16.333333333333332,1.0888888888888888,4.4222222222222225,1.3333333333333333,0.6222222222222222,4.2444444444444445,6.4222222222222225,1.3555555555555556,5.933333333333334,5.4
856,6590,1e-07,7.130434782608695,3.0869565217391304,0.391304347826087,0.782608695652174,4.739130434782608,0.8695652173913043,4.869565217391305,5.695652173913044,2.260869565217391,0.6521739130434783,6.869565217391305,1.826086956521739,5.608695652173913,2.5217391304347827,3.0869565217391304,2.5217391304347827,9.826086956521738,1.565217391304348,0.7391304347826086,8.217391304347826
857,638014,0.001,3.588235294117647,2.1372549019607843,1.4901960784313726,1.4901960784313726,3.3137254901960786,3.2745098039215685,5.0588235294117645,4.294117647058823,2.5686274509803924,3.372549019607843,7.862745098039215,3.2941176470588234,4.392156862745098,0.7843137254901961,0.3137254901960784,4.980392156862745,16.705882352941178,3.3529411764705883,5.431372549019608,12.333333333333334
858,638014,1e-05,13.581395348837209,1.627906976744186,1.8837209302325582,1.9534883720930232,2.697674418604651,0.13953488372093023,4.837209302325581,4.627906976744186,1.255813953488372,1.2093023255813953,1.6511627906976745,2.13953488372093,9.767441860465116,1.6046511627906976,0.6046511627906976,12.046511627906977,22.813953488372093,2.488372093023256,5.744186046511628,9.348837209302326
859,6658,0.001,5.844444444444444,1.6,4.355555555555555,1.1555555555555554,2.7777777777777777,3.533333333333333,5.844444444444444,6.288888888888889,5.222222222222222,2.8,8.177777777777777,3.2888888888888888,5.977777777777778,7.8,1.8888888888888888,3.888888888888889,7.6,0.5333333333333333,2.6444444444444444,15.933333333333334
860,6658,1e-05,4.538461538461538,1.4615384615384615,4.115384615384615,0.6923076923076923,2.769230769230769,6.384615384615385,4.384615384615385,3.3461538461538463,4.769230769230769,9.26923076923077,6.5,6.076923076923077,7.423076923076923,4.846153846153846,3.269230769230769,2.230769230769231,2.8461538461538463,0.0,0.0,8.653846153846153
861,6669,0.1,13.574468085106384,2.148936170212766,1.0425531914893618,0.9148936170212766,1.7446808510638299,1.0425531914893618,6.25531914893617,5.531914893617022,2.9361702127659575,0.0851063829787234,2.9574468085106385,3.25531914893617,4.872340425531915,0.0,0.0,0.9361702127659575,15.106382978723405,0.0,0.14893617021276595,9.063829787234043
862,6669,0.001,12.020408163265307,2.142857142857143,1.653061224489796,0.16326530612244897,3.020408163265306,0.7755102040816326,6.020408163265306,9.510204081632653,4.122448979591836,2.2857142857142856,2.7755102040816326,3.7142857142857144,4.448979591836735,0.6122448979591837,0.4897959183673469,3.183673469387755,15.387755102040817,0.12244897959183673,1.5918367346938775,9.857142857142858
863,5362588,1e-05,3.6363636363636362,2.9272727272727272,2.381818181818182,1.5818181818181818,2.418181818181818,0.12727272727272726,4.6,7.1454545454545455,3.618181818181818,3.6,8.254545454545454,3.018181818181818,6.218181818181818,4.127272727272727,0.05454545454545454,10.018181818181818,14.709090909090909,4.345454545454546,10.872727272727273,9.672727272727272
864,5362588,1e-07,6.555555555555555,0.6111111111111112,1.7777777777777777,0.027777777777777776,2.388888888888889,3.138888888888889,5.305555555555555,6.527777777777778,1.0833333333333333,2.5277777777777777,2.4166666666666665,0.9166666666666666,6.027777777777778,1.6666666666666667,0.027777777777777776,7.694444444444445,20.166666666666668,2.25,11.61111111111111,2.0555555555555554
865,69963,1e-05,2.7096774193548385,6.032258064516129,2.4838709677419355,0.6451612903225806,3.225806451612903,0.8064516129032258,4.806451612903226,1.6774193548387097,1.1290322580645162,1.935483870967742,7.709677419354839,1.2903225806451613,8.064516129032258,2.3870967741935485,1.4838709677419355,2.7096774193548385,8.709677419354838,5.903225806451613,6.387096774193548,4.483870967741935
866,69963,0.001,7.804347826086956,15.08695652173913,2.4565217391304346,0.8043478260869565,1.4130434782608696,1.8695652173913044,5.239130434782608,5.5,2.739130434782609,4.978260869565218,7.630434782608695,4.521739130434782,3.1739130434782608,1.2391304347826086,1.6304347826086956,4.630434782608695,9.195652173913043,1.1521739130434783,4.282608695652174,8.76086956521739
867,13187,1e-05,3.3333333333333335,1.5925925925925926,2.5925925925925926,0.3333333333333333,0.07407407407407407,6.407407407407407,6.777777777777778,5.037037037037037,4.148148148148148,2.925925925925926,1.3703703703703705,4.111111111111111,2.6666666666666665,2.962962962962963,0.0,1.2222222222222223,6.777777777777778,2.5925925925925926,0.8518518518518519,9.777777777777779
868,13187,0.001,9.63265306122449,1.4081632653061225,2.163265306122449,1.0204081632653061,3.5306122448979593,0.5102040816326531,1.2040816326530612,3.795918367346939,7.163265306122449,0.7142857142857143,7.551020408163265,3.489795918367347,4.040816326530612,0.04081632653061224,0.40816326530612246,11.53061224489796,20.714285714285715,3.020408163265306,8.387755102040817,9.551020408163266
869,13204,1e-05,5.88,0.04,1.4,1.36,1.96,4.36,3.4,1.48,0.6,3.32,5.12,0.04,2.64,6.64,0.0,0.72,10.0,5.08,3.0,3.28
870,13204,0.001,2.311111111111111,3.2,3.888888888888889,4.266666666666667,6.177777777777778,4.311111111111111,2.511111111111111,8.444444444444445,2.6,5.533333333333333,2.066666666666667,2.3555555555555556,7.933333333333334,1.0222222222222221,1.4666666666666666,0.6444444444444445,8.555555555555555,6.288888888888889,9.444444444444445,10.533333333333333
871,13216,0.001,12.68,4.54,5.58,5.12,2.88,1.66,7.36,4.5,2.68,1.56,3.86,1.4,6.0,0.02,0.66,1.8,10.62,1.38,8.0,12.78
872,13216,1e-05,1.8064516129032258,5.967741935483871,6.290322580645161,4.064516129032258,4.548387096774194,4.548387096774194,5.806451612903226,1.6129032258064515,4.258064516129032,1.1290322580645162,1.5161290322580645,3.4838709677419355,2.6129032258064515,2.6129032258064515,2.6774193548387095,0.45161290322580644,3.193548387096774,0.22580645161290322,2.838709677419355,3.6451612903225805
873,6826,0.001,8.816326530612244,1.3877551020408163,2.7755102040816326,1.1020408163265305,0.8979591836734694,0.08163265306122448,6.959183673469388,4.795918367346939,0.6122448979591837,2.63265306122449,2.6530612244897958,5.020408163265306,2.938775510204082,0.3469387755102041,0.0,8.183673469387756,22.93877551020408,2.2857142857142856,5.081632653061225,5.142857142857143
874,6826,1e-05,7.851851851851852,7.851851851851852,7.666666666666667,2.5925925925925926,0.0,0.0,6.074074074074074,3.8518518518518516,0.5925925925925926,1.2592592592592593,7.333333333333333,4.074074074074074,0.0,5.074074074074074,0.0,3.074074074074074,9.592592592592593,3.925925925925926,2.0,8.0
875,62332,0.001,1.7647058823529411,6.0,6.647058823529412,6.176470588235294,3.8823529411764706,1.0588235294117647,13.058823529411764,1.5294117647058822,1.588235294117647,2.176470588235294,0.6470588235294118,0.29411764705882354,1.2352941176470589,8.647058823529411,1.2352941176470589,0.4117647058823529,2.235294117647059,0.35294117647058826,6.764705882352941,6.117647058823529
876,62332,0.1,10.487179487179487,3.871794871794872,0.48717948717948717,1.564102564102564,0.0,0.6410256410256411,1.6153846153846154,8.025641025641026,1.9487179487179487,0.6410256410256411,3.8974358974358974,3.7948717948717947,4.128205128205129,0.358974358974359,0.23076923076923078,2.0,14.846153846153847,1.4871794871794872,0.5641025641025641,5.333333333333333
877,6920,1e-05,1.2727272727272727,1.5,5.4772727272727275,1.7045454545454546,1.9772727272727273,2.6363636363636362,11.0,3.4318181818181817,4.2272727272727275,4.613636363636363,4.590909090909091,0.9772727272727273,4.295454545454546,0.4318181818181818,0.0,2.590909090909091,11.522727272727273,8.5,7.318181818181818,8.340909090909092
878,6920,1e-07,1.7142857142857142,1.7857142857142858,4.928571428571429,0.0,2.8214285714285716,1.7142857142857142,4.142857142857143,7.035714285714286,0.8571428571428571,1.8571428571428572,4.678571428571429,1.2142857142857142,3.892857142857143,4.821428571428571,2.9285714285714284,0.14285714285714285,12.107142857142858,3.357142857142857,10.428571428571429,5.035714285714286
879,61229,0.001,2.9019607843137254,0.7450980392156863,3.196078431372549,0.5882352941176471,0.0196078431372549,0.0196078431372549,3.823529411764706,17.627450980392158,0.0196078431372549,4.352941176470588,0.43137254901960786,1.5490196078431373,8.411764705882353,0.8627450980392157,0.0196078431372549,3.6862745098039214,35.21568627450981,20.07843137254902,23.254901960784313,3.2549019607843137
880,61229,0.1,4.653846153846154,1.2307692307692308,2.5961538461538463,0.7307692307692307,0.019230769230769232,0.019230769230769232,1.8269230769230769,8.307692307692308,0.3076923076923077,2.076923076923077,1.7692307692307692,1.9807692307692308,2.6346153846153846,0.17307692307692307,0.019230769230769232,5.480769230769231,34.84615384615385,22.28846153846154,18.0,2.730769230769231
881,13436,0.001,0.28,1.3,1.7,8.52,5.6,2.88,5.84,5.32,7.46,10.52,6.98,0.32,6.6,6.4,6.5,0.8,0.48,2.12,7.34,8.38
882,13436,1e-05,0.02,0.78,1.12,6.04,8.58,6.4,11.12,4.66,2.84,5.6,9.46,0.04,10.66,9.7,3.08,0.04,1.12,1.8,7.06,7.32
883,6943,1e-05,6.2368421052631575,2.1315789473684212,1.868421052631579,1.7894736842105263,4.2631578947368425,1.3157894736842106,6.921052631578948,0.8421052631578947,8.31578947368421,5.105263157894737,4.842105263157895,6.2894736842105265,3.6842105263157894,0.13157894736842105,2.5526315789473686,0.868421052631579,6.526315789473684,0.13157894736842105,0.13157894736842105,18.55263157894737
884,6943,0.001,0.037037037037037035,0.09259259259259259,3.4074074074074074,1.537037037037037,5.87037037037037,2.5,2.925925925925926,2.425925925925926,11.314814814814815,9.74074074074074,4.388888888888889,4.833333333333333,9.407407407407407,2.185185185185185,0.8148148148148148,0.14814814814814814,2.0185185185185186,0.037037037037037035,0.2777777777777778,33.611111111111114
885,170833,0.001,0.4444444444444444,1.7777777777777777,3.037037037037037,1.1851851851851851,2.8518518518518516,2.888888888888889,6.407407407407407,11.925925925925926,5.037037037037037,3.7037037037037037,11.62962962962963,1.8888888888888888,2.6296296296296298,2.8518518518518516,0.0,0.1111111111111111,8.037037037037036,0.0,1.0,13.074074074074074
886,170833,0.1,4.8545454545454545,3.1454545454545455,1.509090909090909,0.4727272727272727,4.654545454545454,0.5454545454545454,2.0,2.3636363636363638,8.909090909090908,2.5454545454545454,3.4,10.090909090909092,8.50909090909091,0.21818181818181817,0.41818181818181815,1.8545454545454545,8.272727272727273,2.5272727272727273,6.654545454545454,21.01818181818182
887,6989,0.001,0.6111111111111112,2.185185185185185,4.5,1.2222222222222223,3.4444444444444446,0.7222222222222222,6.2592592592592595,7.574074074074074,3.5555555555555554,3.759259259259259,3.2222222222222223,2.0925925925925926,10.25925925925926,0.7592592592592593,0.018518518518518517,0.48148148148148145,2.5185185185185186,0.8888888888888888,3.5185185185185186,18.14814814814815
888,6989,1e-05,3.4285714285714284,3.7857142857142856,11.714285714285714,2.0476190476190474,1.5,1.7857142857142858,5.857142857142857,6.523809523809524,4.285714285714286,2.8333333333333335,6.166666666666667,1.8571428571428572,14.523809523809524,1.7142857142857142,0.0,0.023809523809523808,2.5476190476190474,2.0476190476190474,2.4285714285714284,9.166666666666666
889,6997,1e-05,1.8846153846153846,0.4230769230769231,4.365384615384615,1.0961538461538463,4.923076923076923,1.5,6.673076923076923,4.4423076923076925,6.480769230769231,9.75,2.9423076923076925,5.846153846153846,4.615384615384615,1.0961538461538463,0.0,0.0,2.269230769230769,0.0,2.1153846153846154,21.634615384615383
890,6997,0.001,3.290909090909091,1.2,2.418181818181818,1.6,9.781818181818181,0.43636363636363634,10.963636363636363,4.9818181818181815,10.636363636363637,7.054545454545455,4.6909090909090905,5.418181818181818,2.381818181818182,0.07272727272727272,1.5272727272727273,1.8727272727272728,5.472727272727273,1.7818181818181817,4.218181818181818,35.09090909090909
891,6998,1e-05,1.6382978723404256,1.6382978723404256,1.2765957446808511,3.404255319148936,4.48936170212766,1.7234042553191489,6.340425531914893,2.872340425531915,4.361702127659575,7.638297872340425,6.0,1.7872340425531914,2.0851063829787235,3.0,1.1914893617021276,0.5957446808510638,2.6808510638297873,1.553191489361702,2.8085106382978724,18.93617021276596
892,6998,0.001,1.3584905660377358,0.3018867924528302,5.584905660377358,1.0943396226415094,8.867924528301886,2.6037735849056602,2.358490566037736,6.962264150943396,13.415094339622641,14.075471698113208,4.39622641509434,9.18867924528302,3.1132075471698113,0.7735849056603774,0.018867924528301886,2.9622641509433962,3.207547169811321,1.169811320754717,2.8867924528301887,27.81132075471698
893,460,1e-05,5.090909090909091,4.963636363636364,3.090909090909091,3.5454545454545454,2.2545454545454544,3.5454545454545454,5.672727272727273,5.363636363636363,8.527272727272727,9.272727272727273,7.181818181818182,6.127272727272727,9.345454545454546,1.7454545454545454,3.327272727272727,1.3636363636363635,7.545454545454546,4.127272727272727,6.218181818181818,20.145454545454545
894,460,1e-07,4.18,2.78,3.04,8.92,5.44,4.14,14.3,6.86,8.64,7.9,7.38,5.68,9.44,4.96,0.86,2.44,7.68,5.42,6.96,12.18
895,7047,0.001,0.3333333333333333,0.4074074074074074,4.148148148148148,4.722222222222222,5.981481481481482,2.814814814814815,8.962962962962964,3.111111111111111,8.833333333333334,9.574074074074074,5.185185185185185,1.5740740740740742,4.981481481481482,3.8518518518518516,2.259259259259259,2.6296296296296298,5.851851851851852,0.018518518518518517,1.7407407407407407,30.166666666666668
896,7047,1e-05,2.9523809523809526,3.1904761904761907,2.5238095238095237,5.928571428571429,1.6904761904761905,2.0476190476190474,9.595238095238095,8.119047619047619,7.261904761904762,6.142857142857143,3.9523809523809526,2.2142857142857144,5.928571428571429,4.357142857142857,0.30952380952380953,2.3333333333333335,7.190476190476191,1.2857142857142858,2.642857142857143,14.238095238095237
897,7059,0.001,5.226415094339623,0.4716981132075472,2.018867924528302,0.7547169811320755,9.679245283018869,1.8867924528301887,9.226415094339623,2.7358490566037736,8.075471698113208,4.132075471698113,5.490566037735849,3.792452830188679,4.2075471698113205,0.3018867924528302,0.0,3.5849056603773586,6.830188679245283,2.7169811320754715,1.4339622641509433,21.339622641509433
898,7059,1e-05,12.266666666666667,0.37777777777777777,1.6444444444444444,0.28888888888888886,0.0,2.7777777777777777,5.511111111111111,4.911111111111111,3.9555555555555557,1.4666666666666666,4.666666666666667,2.8222222222222224,3.3333333333333335,1.6666666666666667,0.0,2.977777777777778,16.6,0.6444444444444445,3.0444444444444443,13.155555555555555
899,323,0.1,8.272727272727273,0.14545454545454545,1.1818181818181819,0.6181818181818182,2.1454545454545455,1.1090909090909091,1.490909090909091,8.981818181818182,3.1272727272727274,4.6,5.454545454545454,3.2,7.527272727272727,0.01818181818181818,0.01818181818181818,7.090909090909091,26.4,9.036363636363637,10.454545454545455,11.4
900,323,0.001,10.98076923076923,2.1346153846153846,2.0576923076923075,0.25,3.1923076923076925,1.1538461538461537,3.1346153846153846,9.576923076923077,0.4423076923076923,1.1153846153846154,4.423076923076923,0.8269230769230769,8.26923076923077,1.3461538461538463,0.019230769230769232,1.5384615384615385,24.692307692307693,4.8076923076923075,8.442307692307692,11.211538461538462
901,7092,0.1,6.226415094339623,1.9622641509433962,4.377358490566038,4.584905660377358,4.509433962264151,4.113207547169812,11.773584905660377,3.056603773584906,4.188679245283019,3.339622641509434,4.943396226415095,3.150943396226415,5.962264150943396,2.188679245283019,0.018867924528301886,1.6037735849056605,12.39622641509434,1.1132075471698113,4.867924528301887,19.9811320754717
902,7092,0.001,4.0,6.615384615384615,4.903846153846154,2.5,4.326923076923077,1.0961538461538463,5.634615384615385,8.442307692307692,1.9615384615384615,2.4038461538461537,1.9423076923076923,4.846153846153846,6.0,0.1346153846153846,0.0,1.1923076923076923,15.942307692307692,0.057692307692307696,5.211538461538462,10.307692307692308
903,7095,0.001,5.717948717948718,0.46153846153846156,2.871794871794872,0.3076923076923077,0.5897435897435898,1.3076923076923077,3.7435897435897436,1.7435897435897436,5.282051282051282,1.5128205128205128,2.1538461538461537,5.435897435897436,6.461538461538462,2.282051282051282,0.41025641025641024,1.205128205128205,11.64102564102564,5.512820512820513,4.487179487179487,16.076923076923077
904,7095,0.1,2.7636363636363637,1.4181818181818182,5.781818181818182,2.4,8.163636363636364,2.1454545454545455,5.818181818181818,3.581818181818182,15.2,10.218181818181819,9.581818181818182,5.181818181818182,8.690909090909091,2.8,0.43636363636363634,0.10909090909090909,1.3454545454545455,0.21818181818181817,2.6363636363636362,26.6
905,13561,1e-05,7.826086956521739,0.0,0.782608695652174,4.130434782608695,0.0,2.869565217391304,2.0434782608695654,0.5652173913043478,3.782608695652174,2.4347826086956523,8.173913043478262,7.956521739130435,4.260869565217392,0.0,0.6521739130434783,0.34782608695652173,7.043478260869565,3.260869565217391,0.043478260869565216,4.304347826086956
906,13561,0.001,6.441860465116279,0.4418604651162791,0.813953488372093,2.372093023255814,6.511627906976744,0.8372093023255814,4.348837209302325,5.837209302325581,5.441860465116279,2.7674418604651163,8.883720930232558,2.3488372093023258,1.5348837209302326,2.2325581395348837,0.5813953488372093,9.116279069767442,14.44186046511628,3.0697674418604652,7.116279069767442,8.465116279069768
907,5281167,0.001,6.072727272727272,12.963636363636363,1.7818181818181817,1.5454545454545454,3.8363636363636364,1.8545454545454545,4.327272727272727,1.7272727272727273,0.5818181818181818,3.4,4.2,3.5636363636363635,3.309090909090909,1.1818181818181819,2.2181818181818183,5.545454545454546,5.3090909090909095,0.8181818181818182,10.418181818181818,1.709090909090909
908,5281167,1e-05,9.959183673469388,20.714285714285715,3.2244897959183674,0.9795918367346939,0.02040816326530612,1.1428571428571428,0.3877551020408163,2.5510204081632653,0.22448979591836735,1.2040816326530612,1.9795918367346939,3.5510204081632653,0.7551020408163265,0.8163265306122449,0.02040816326530612,3.326530612244898,6.326530612244898,1.4081632653061225,3.0816326530612246,3.938775510204082
909,7119,0.1,10.962962962962964,1.5740740740740742,1.5925925925925926,2.0555555555555554,7.981481481481482,0.18518518518518517,2.9074074074074074,6.537037037037037,5.425925925925926,0.42592592592592593,1.1111111111111112,1.8703703703703705,4.037037037037037,0.14814814814814814,0.12962962962962962,4.907407407407407,20.074074074074073,2.0925925925925926,5.648148148148148,26.51851851851852
910,7119,0.001,13.592592592592593,1.2592592592592593,0.5740740740740741,0.037037037037037035,2.4444444444444446,0.48148148148148145,2.537037037037037,12.148148148148149,3.3703703703703702,0.12962962962962962,2.111111111111111,3.425925925925926,4.518518518518518,0.018518518518518517,0.018518518518518517,12.092592592592593,24.48148148148148,3.8703703703703702,4.574074074074074,16.98148148148148
911,7122,0.001,13.173076923076923,2.4038461538461537,1.0769230769230769,1.7692307692307692,2.5,0.6346153846153846,1.3846153846153846,6.903846153846154,1.8461538461538463,1.8653846153846154,2.2115384615384617,5.423076923076923,5.596153846153846,0.9038461538461539,0.019230769230769232,11.942307692307692,19.53846153846154,3.8846153846153846,1.8846153846153846,14.884615384615385
912,7122,0.1,7.9818181818181815,2.5636363636363635,0.21818181818181817,1.1454545454545455,6.181818181818182,1.0909090909090908,1.981818181818182,6.5636363636363635,4.418181818181818,2.109090909090909,3.709090909090909,6.8545454545454545,3.5454545454545454,0.01818181818181818,0.45454545454545453,5.090909090909091,15.527272727272727,0.18181818181818182,5.963636363636364,17.727272727272727
913,7127,0.001,3.8974358974358974,1.1794871794871795,4.6923076923076925,0.38461538461538464,1.358974358974359,0.0,4.384615384615385,3.3333333333333335,2.923076923076923,2.948717948717949,8.820512820512821,3.7948717948717947,10.564102564102564,3.2564102564102564,1.6666666666666667,2.0,14.179487179487179,3.6923076923076925,10.333333333333334,2.1538461538461537
914,7127,1e-05,4.730769230769231,2.1923076923076925,4.423076923076923,1.7307692307692308,0.11538461538461539,1.8461538461538463,3.923076923076923,4.1923076923076925,0.0,0.6538461538461539,0.038461538461538464,2.5,5.076923076923077,2.1538461538461537,2.0,2.8076923076923075,8.76923076923077,0.0,4.115384615384615,9.461538461538462
915,637776,1e-05,2.0,4.4,4.3,1.4,3.35,9.7,13.75,2.35,2.75,5.45,7.8,0.45,1.2,3.2,5.15,0.5,8.25,2.3,4.6,6.5
916,637776,0.001,4.425,0.25,4.05,2.35,0.5,0.0,0.125,3.15,1.7,4.075,3.775,0.625,6.075,0.7,0.0,6.1,17.075,9.975,9.9,3.125
917,7136,1e-05,2.566666666666667,2.6666666666666665,2.4,0.03333333333333333,0.8666666666666667,0.8333333333333334,1.6666666666666667,1.4,6.833333333333333,2.2,4.333333333333333,2.0,11.0,2.8333333333333335,0.36666666666666664,2.1666666666666665,8.933333333333334,1.1,5.366666666666666,12.466666666666667
918,7136,0.001,6.019230769230769,2.8653846153846154,3.9615384615384617,1.0576923076923077,0.09615384615384616,0.7115384615384616,0.5384615384615384,8.307692307692308,3.0384615384615383,2.0,4.461538461538462,0.6730769230769231,19.057692307692307,1.0384615384615385,0.6923076923076923,2.480769230769231,16.78846153846154,6.826923076923077,18.076923076923077,6.076923076923077
919,7137,0.1,4.1,0.14,5.14,0.54,1.16,0.04,3.2,7.18,2.34,6.74,3.04,5.52,15.3,0.58,0.1,4.2,17.52,5.84,9.9,3.8
920,7137,0.001,10.020833333333334,2.1041666666666665,0.0625,1.5208333333333333,1.0625,0.041666666666666664,0.125,3.6458333333333335,2.0208333333333335,2.5416666666666665,0.16666666666666666,3.4583333333333335,9.1875,1.4791666666666667,0.16666666666666666,4.1875,14.375,6.583333333333333,10.5,7.75
921,7144,1e-07,5.026315789473684,3.1842105263157894,4.815789473684211,1.368421052631579,2.710526315789474,1.6578947368421053,8.236842105263158,5.684210526315789,6.184210526315789,6.078947368421052,5.026315789473684,5.447368421052632,2.1578947368421053,0.9736842105263158,1.2894736842105263,3.473684210526316,8.842105263157896,1.6842105263157894,4.421052631578948,5.947368421052632
922,7144,1e-05,1.9259259259259258,1.4814814814814814,14.703703703703704,4.907407407407407,3.814814814814815,3.037037037037037,10.166666666666666,10.037037037037036,7.018518518518518,20.166666666666668,5.537037037037037,4.148148148148148,9.333333333333334,5.0,6.907407407407407,1.4259259259259258,4.037037037037037,2.1666666666666665,9.425925925925926,16.77777777777778
923,7147,1e-05,2.0,0.0,3.2666666666666666,0.0,3.1333333333333333,1.0,4.933333333333334,0.0,2.933333333333333,0.0,9.866666666666667,8.6,4.4,2.8666666666666667,0.0,2.933333333333333,2.8,3.6666666666666665,6.133333333333334,15.933333333333334
924,7147,0.001,1.6,2.0,1.5,1.5,0.225,0.65,2.9,3.1,5.475,3.275,1.15,6.75,4.7,1.225,2.225,4.475,8.025,1.275,1.05,17.425
925,7150,1e-07,0.0,2.769230769230769,5.423076923076923,3.230769230769231,0.038461538461538464,0.8846153846153846,5.3076923076923075,2.8846153846153846,1.0769230769230769,1.6153846153846154,5.3076923076923075,5.8076923076923075,1.8076923076923077,4.346153846153846,0.038461538461538464,1.1538461538461537,8.038461538461538,4.3076923076923075,4.6923076923076925,3.0
926,7150,1e-05,10.607142857142858,1.8571428571428572,1.0357142857142858,4.25,0.9642857142857143,1.7142857142857142,3.5357142857142856,7.107142857142857,4.25,3.8214285714285716,4.535714285714286,2.75,5.285714285714286,0.8214285714285714,0.7857142857142857,4.5,8.357142857142858,3.7142857142857144,6.428571428571429,8.464285714285714
927,7151,0.001,0.9347826086956522,0.45652173913043476,5.021739130434782,4.434782608695652,4.760869565217392,1.7608695652173914,9.173913043478262,5.956521739130435,12.478260869565217,9.543478260869565,5.869565217391305,3.9347826086956523,4.586956521739131,2.282608695652174,2.217391304347826,0.5217391304347826,3.5434782608695654,2.130434782608696,0.1956521739130435,15.347826086956522
928,7151,0.1,2.7358490566037736,2.5849056603773586,4.188679245283019,2.6792452830188678,8.056603773584905,3.7169811320754715,7.60377358490566,2.5660377358490565,8.264150943396226,4.30188679245283,6.452830188679245,5.2075471698113205,2.1320754716981134,1.4150943396226414,0.18867924528301888,4.566037735849057,7.811320754716981,1.3396226415094339,1.7547169811320755,20.18867924528302
929,7165,1e-05,12.96551724137931,0.1724137931034483,0.0,0.1724137931034483,1.103448275862069,1.206896551724138,11.344827586206897,1.5172413793103448,1.9310344827586208,1.1724137931034482,6.344827586206897,7.896551724137931,4.379310344827586,0.0,0.0,5.862068965517241,17.275862068965516,2.1724137931034484,3.586206896551724,9.275862068965518
930,7165,0.001,6.098039215686274,1.803921568627451,3.4705882352941178,2.019607843137255,3.7450980392156863,2.8823529411764706,1.2549019607843137,4.96078431372549,9.058823529411764,3.3137254901960786,6.333333333333333,8.07843137254902,1.196078431372549,0.8235294117647058,0.0196078431372549,8.823529411764707,22.098039215686274,0.27450980392156865,4.7254901960784315,22.03921568627451
931,106441,0.001,5.185185185185185,8.833333333333334,15.851851851851851,8.092592592592593,3.3333333333333335,3.0185185185185186,9.277777777777779,2.0185185185185186,8.592592592592593,7.314814814814815,7.814814814814815,1.2777777777777777,7.462962962962963,3.074074074074074,0.3888888888888889,0.018518518518518517,2.7037037037037037,0.018518518518518517,3.240740740740741,14.796296296296296
932,106441,1e-05,4.63265306122449,10.551020408163266,5.326530612244898,2.979591836734694,5.1020408163265305,1.8979591836734695,7.204081632653061,2.326530612244898,6.755102040816326,4.204081632653061,6.938775510204081,5.877551020408164,3.8979591836734695,1.0612244897959184,0.3469387755102041,0.08163265306122448,0.8775510204081632,0.02040816326530612,2.63265306122449,10.89795918367347
933,556940,1e-07,1.1041666666666667,0.5,4.104166666666667,4.0,1.4791666666666667,1.1041666666666667,5.354166666666667,6.708333333333333,6.229166666666667,21.708333333333332,5.75,1.8541666666666667,2.4166666666666665,5.5,4.958333333333333,0.1875,1.6666666666666667,1.625,2.0,11.604166666666666
934,556940,1e-05,0.46296296296296297,3.2222222222222223,2.9444444444444446,6.555555555555555,3.0185185185185186,6.648148148148148,9.277777777777779,6.648148148148148,3.4444444444444446,23.25925925925926,8.055555555555555,2.2777777777777777,5.833333333333333,9.592592592592593,3.8333333333333335,0.018518518518518517,0.018518518518518517,1.4444444444444444,1.9074074074074074,14.296296296296296
935,7194,0.001,3.7,0.15,1.25,0.5,4.1,1.75,8.55,0.35,1.9,0.2,5.25,0.15,4.7,0.0,0.0,2.25,5.7,0.75,2.2,5.45
936,7194,0.1,10.047619047619047,1.1428571428571428,2.3095238095238093,0.38095238095238093,1.9285714285714286,0.7142857142857143,1.3571428571428572,2.619047619047619,4.619047619047619,0.7380952380952381,0.9047619047619048,5.928571428571429,3.738095238095238,0.7142857142857143,0.0,0.2619047619047619,6.476190476190476,0.023809523809523808,2.3333333333333335,7.738095238095238
937,638024,0.001,1.5625,7.5625,0.0,0.0,2.9375,5.0625,8.4375,1.0625,0.0,1.75,6.375,0.0,4.875,5.4375,1.5,2.5625,5.5625,5.375,0.0,6.25
938,638024,0.1,4.188679245283019,1.2075471698113207,2.792452830188679,1.7358490566037736,0.20754716981132076,0.4528301886792453,1.7547169811320755,7.90566037735849,1.490566037735849,3.849056603773585,2.5849056603773586,1.9433962264150944,6.981132075471698,1.4528301886792452,1.0,1.7358490566037736,13.716981132075471,11.69811320754717,13.39622641509434,3.547169811320755
939,7288,1e-05,4.222222222222222,5.722222222222222,2.0,0.8888888888888888,4.833333333333333,0.9722222222222222,9.222222222222221,6.194444444444445,4.972222222222222,2.9166666666666665,6.611111111111111,2.9722222222222223,6.111111111111111,2.4722222222222223,1.4722222222222223,0.05555555555555555,5.333333333333333,2.9166666666666665,3.888888888888889,11.25
940,7288,0.001,2.75,1.1136363636363635,2.772727272727273,0.8409090909090909,7.318181818181818,0.75,3.022727272727273,0.6363636363636364,6.431818181818182,2.340909090909091,4.7272727272727275,1.2272727272727273,4.045454545454546,0.022727272727272728,0.022727272727272728,1.6590909090909092,2.409090909090909,0.022727272727272728,0.022727272727272728,19.5
941,7302,0.001,0.3409090909090909,0.8409090909090909,2.4545454545454546,10.5,6.409090909090909,10.522727272727273,14.318181818181818,5.090909090909091,1.5227272727272727,4.7272727272727275,7.545454545454546,0.8636363636363636,4.0,5.7272727272727275,2.25,0.9090909090909091,2.1363636363636362,0.6818181818181818,6.454545454545454,4.9772727272727275
942,7302,1e-05,3.875,0.8333333333333334,4.5,0.625,0.3333333333333333,4.875,5.458333333333333,3.25,2.9166666666666665,2.75,1.3333333333333333,0.20833333333333334,11.791666666666666,2.4583333333333335,3.2083333333333335,4.291666666666667,5.791666666666667,0.875,3.0416666666666665,13.416666666666666
943,7335,1e-05,3.8947368421052633,2.8157894736842106,2.8421052631578947,3.973684210526316,4.394736842105263,0.8947368421052632,6.368421052631579,2.3157894736842106,4.2368421052631575,1.263157894736842,10.31578947368421,2.736842105263158,4.578947368421052,0.34210526315789475,2.210526315789474,0.8157894736842105,6.526315789473684,0.13157894736842105,1.394736842105263,10.552631578947368
944,7335,0.001,1.1296296296296295,3.5925925925925926,4.462962962962963,2.6296296296296298,2.3703703703703702,3.0,4.148148148148148,2.4814814814814814,7.037037037037037,4.203703703703703,12.555555555555555,5.944444444444445,4.814814814814815,7.907407407407407,6.648148148148148,1.3148148148148149,2.074074074074074,2.3518518518518516,6.055555555555555,16.09259259259259
945,3314,0.001,5.851851851851852,0.18518518518518517,1.8703703703703705,1.4074074074074074,1.8888888888888888,0.48148148148148145,1.0185185185185186,7.388888888888889,1.9259259259259258,1.7222222222222223,3.0925925925925926,5.111111111111111,26.77777777777778,0.07407407407407407,0.018518518518518517,4.648148148148148,18.35185185185185,11.777777777777779,9.444444444444445,6.851851851851852
946,3314,1e-05,5.647058823529412,0.47058823529411764,0.7450980392156863,0.0392156862745098,1.2941176470588236,0.5686274509803921,2.7254901960784315,5.921568627450981,0.6666666666666666,2.0588235294117645,1.8431372549019607,1.7647058823529411,20.235294117647058,1.7843137254901962,0.27450980392156865,3.196078431372549,16.254901960784313,5.235294117647059,14.313725490196079,5.588235294117647
947,853433,0.001,8.8,1.1636363636363636,2.8727272727272726,0.6545454545454545,0.01818181818181818,0.3090909090909091,3.690909090909091,10.763636363636364,1.0909090909090908,5.6,1.709090909090909,3.4,22.618181818181817,2.036363636363636,0.2545454545454545,2.8727272727272726,26.927272727272726,13.054545454545455,21.363636363636363,7.618181818181818
948,853433,1e-05,5.137254901960785,0.11764705882352941,1.5686274509803921,0.23529411764705882,2.019607843137255,0.13725490196078433,1.7450980392156863,5.549019607843137,1.392156862745098,3.019607843137255,1.9607843137254901,2.588235294117647,12.666666666666666,0.8431372549019608,0.13725490196078433,4.03921568627451,26.80392156862745,10.215686274509803,19.03921568627451,7.411764705882353
949,7341,1e-07,7.583333333333333,0.375,10.0,1.7083333333333333,1.3333333333333333,10.458333333333334,15.416666666666666,5.875,2.0833333333333335,4.333333333333333,8.625,3.5,2.625,6.75,4.125,0.041666666666666664,3.4583333333333335,0.2916666666666667,0.4166666666666667,5.583333333333333
950,7341,1e-05,7.970588235294118,1.1764705882352942,2.0294117647058822,1.3529411764705883,1.8823529411764706,8.676470588235293,10.235294117647058,3.0588235294117645,6.029411764705882,3.5588235294117645,9.676470588235293,0.9117647058823529,1.8823529411764706,0.5294117647058824,0.058823529411764705,7.735294117647059,12.470588235294118,1.7647058823529411,5.0588235294117645,11.058823529411764
951,7360,1e-05,2.15,1.6,2.6,3.6,3.4,8.6,9.15,5.9,1.55,1.95,3.35,3.4,1.15,3.1,0.95,0.0,9.2,2.6,3.75,7.05
952,7360,0.001,4.171428571428572,3.3714285714285714,3.3142857142857145,0.6,3.9714285714285715,1.8,2.0,2.8,6.057142857142857,2.942857142857143,5.828571428571428,3.257142857142857,3.8857142857142857,2.942857142857143,0.2857142857142857,0.5714285714285714,6.314285714285714,3.2,3.9714285714285715,10.228571428571428
953,7361,1e-05,1.8620689655172413,6.275862068965517,6.448275862068965,2.206896551724138,2.896551724137931,6.310344827586207,15.517241379310345,4.655172413793103,0.27586206896551724,4.862068965517241,7.827586206896552,0.1724137931034483,4.0,0.8275862068965517,1.4482758620689655,0.034482758620689655,5.9655172413793105,0.6896551724137931,1.4482758620689655,5.931034482758621
954,7361,0.001,1.46,1.3,3.46,6.3,3.86,2.46,7.66,4.96,4.46,5.7,10.26,1.68,6.26,3.5,2.98,3.28,6.94,1.6,3.92,7.56
955,7409,1e-05,8.647058823529411,0.9411764705882353,5.235294117647059,1.0,1.2352941176470589,5.9411764705882355,11.647058823529411,6.470588235294118,4.117647058823529,1.6470588235294117,5.588235294117647,5.529411764705882,0.0,3.176470588235294,0.0,3.0588235294117645,3.764705882352941,1.588235294117647,0.0,9.941176470588236
956,7409,0.001,2.9555555555555557,8.2,3.6666666666666665,2.2444444444444445,0.5333333333333333,3.6444444444444444,5.355555555555555,3.5555555555555554,7.088888888888889,4.666666666666667,3.1555555555555554,0.28888888888888886,2.2444444444444445,1.4,0.022222222222222223,3.9555555555555557,9.444444444444445,0.28888888888888886,0.7555555555555555,13.088888888888889
957,7410,1e-05,6.5,5.1,2.975,1.125,1.475,1.15,8.2,5.45,3.525,1.8,6.25,4.975,2.825,1.975,1.1,2.7,12.15,2.95,5.675,5.6
958,7410,0.001,8.6,1.5454545454545454,1.290909090909091,1.2363636363636363,5.490909090909091,0.43636363636363634,3.690909090909091,4.181818181818182,10.690909090909091,5.8545454545454545,2.672727272727273,3.909090909090909,3.036363636363636,1.2727272727272727,0.03636363636363636,5.836363636363636,16.6,1.1636363636363636,5.381818181818182,18.4
959,7463,0.1,1.4727272727272727,3.327272727272727,6.2,2.1272727272727274,11.418181818181818,0.45454545454545453,3.5636363636363635,3.4727272727272727,17.09090909090909,4.363636363636363,8.127272727272727,6.8545454545454545,10.036363636363637,3.290909090909091,0.16363636363636364,2.9454545454545453,3.7636363636363637,0.10909090909090909,5.709090909090909,30.272727272727273
960,7463,0.001,4.627450980392157,0.6274509803921569,2.3529411764705883,0.0,4.333333333333333,0.7843137254901961,6.098039215686274,5.03921568627451,7.549019607843137,5.117647058823529,2.6862745098039214,7.705882352941177,12.549019607843137,1.9019607843137254,0.0,1.2745098039215685,5.0588235294117645,0.5294117647058824,1.5294117647058822,24.49019607843137
